﻿<?xml version="1.0" encoding="UTF-8"?>
<TextureAtlas imagePath="CursedPissed.png">
	<!-- Created with Adobe Flash CS6 version 12.0.0.481 -->
	<!-- http://www.adobe.com/products/flash.html -->
	<SubTexture name="Down0000" x="0" y="0" width="474" height="778" frameX="0" frameY="-38" frameWidth="474" frameHeight="816"/>
	<SubTexture name="Down0001" x="474" y="0" width="472" height="786" frameX="-1" frameY="-29" frameWidth="474" frameHeight="816"/>
	<SubTexture name="Down0002" x="946" y="0" width="463" height="799" frameX="-4" frameY="-16" frameWidth="474" frameHeight="816"/>
	<SubTexture name="Down0003" x="1409" y="0" width="460" height="808" frameX="-7" frameY="-7" frameWidth="474" frameHeight="816"/>
	<SubTexture name="Down0004" x="1869" y="0" width="459" height="815" frameX="-8" frameY="0" frameWidth="474" frameHeight="816"/>
	<SubTexture name="Down0005" x="2328" y="0" width="459" height="815" frameX="-8" frameY="0" frameWidth="474" frameHeight="816"/>
	<SubTexture name="Down0006" x="2787" y="0" width="459" height="815" frameX="-8" frameY="0" frameWidth="474" frameHeight="816"/>
	<SubTexture name="Down0007" x="3246" y="0" width="459" height="815" frameX="-8" frameY="0" frameWidth="474" frameHeight="816"/>
	<SubTexture name="Down0008" x="0" y="815" width="459" height="815" frameX="-8" frameY="0" frameWidth="474" frameHeight="816"/>
	<SubTexture name="Down0009" x="459" y="815" width="459" height="815" frameX="-8" frameY="0" frameWidth="474" frameHeight="816"/>
	<SubTexture name="Down0010" x="918" y="815" width="459" height="815" frameX="-8" frameY="0" frameWidth="474" frameHeight="816"/>
	<SubTexture name="Down0011" x="1377" y="815" width="459" height="815" frameX="-8" frameY="0" frameWidth="474" frameHeight="816"/>
	<SubTexture name="Down0012" x="2328" y="0" width="459" height="815" frameX="-8" frameY="0" frameWidth="474" frameHeight="816"/>
	<SubTexture name="Down0013" x="1836" y="815" width="459" height="815" frameX="-8" frameY="0" frameWidth="474" frameHeight="816"/>
	<SubTexture name="Idle0000" x="2295" y="815" width="466" height="934" frameX="-9" frameY="-8" frameWidth="475" frameHeight="944"/>
	<SubTexture name="Idle0001" x="2761" y="815" width="466" height="934" frameX="-9" frameY="-8" frameWidth="475" frameHeight="944"/>
	<SubTexture name="Idle0002" x="3227" y="815" width="465" height="937" frameX="-9" frameY="-5" frameWidth="475" frameHeight="944"/>
	<SubTexture name="Idle0003" x="0" y="1752" width="465" height="937" frameX="-9" frameY="-5" frameWidth="475" frameHeight="944"/>
	<SubTexture name="Idle0004" x="465" y="1752" width="462" height="935" frameX="-8" frameY="-7" frameWidth="475" frameHeight="944"/>
	<SubTexture name="Idle0005" x="927" y="1752" width="462" height="935" frameX="-8" frameY="-7" frameWidth="475" frameHeight="944"/>
	<SubTexture name="Idle0006" x="1389" y="1752" width="466" height="939" frameX="-1" frameY="-3" frameWidth="475" frameHeight="944"/>
	<SubTexture name="Idle0007" x="1855" y="1752" width="466" height="939" frameX="-1" frameY="-3" frameWidth="475" frameHeight="944"/>
	<SubTexture name="Idle0008" x="2321" y="1752" width="467" height="943" frameX="0" frameY="-1" frameWidth="475" frameHeight="944"/>
	<SubTexture name="Idle0009" x="2788" y="1752" width="467" height="944" frameX="0" frameY="0" frameWidth="475" frameHeight="944"/>
	<SubTexture name="Idle0010" x="3255" y="1752" width="467" height="944" frameX="0" frameY="0" frameWidth="475" frameHeight="944"/>
	<SubTexture name="Idle0011" x="0" y="2696" width="467" height="944" frameX="0" frameY="0" frameWidth="475" frameHeight="944"/>
	<SubTexture name="Idle0012" x="467" y="2696" width="467" height="944" frameX="0" frameY="0" frameWidth="475" frameHeight="944"/>
	<SubTexture name="Idle0013" x="934" y="2696" width="467" height="944" frameX="0" frameY="0" frameWidth="475" frameHeight="944"/>
	<SubTexture name="Left0000" x="1401" y="2696" width="541" height="945" frameX="0" frameY="0" frameWidth="561" frameHeight="945"/>
	<SubTexture name="Left0001" x="1942" y="2696" width="522" height="945" frameX="-33" frameY="0" frameWidth="561" frameHeight="945"/>
	<SubTexture name="Left0002" x="2464" y="2696" width="511" height="941" frameX="-50" frameY="-4" frameWidth="561" frameHeight="945"/>
	<SubTexture name="Left0003" x="2975" y="2696" width="490" height="940" frameX="-67" frameY="-5" frameWidth="561" frameHeight="945"/>
	<SubTexture name="Left0004" x="3465" y="2696" width="486" height="940" frameX="-71" frameY="-5" frameWidth="561" frameHeight="945"/>
	<SubTexture name="Left0005" x="3465" y="2696" width="486" height="940" frameX="-71" frameY="-5" frameWidth="561" frameHeight="945"/>
	<SubTexture name="Left0006" x="3465" y="2696" width="486" height="940" frameX="-71" frameY="-5" frameWidth="561" frameHeight="945"/>
	<SubTexture name="Left0007" x="3465" y="2696" width="486" height="940" frameX="-71" frameY="-5" frameWidth="561" frameHeight="945"/>
	<SubTexture name="Left0008" x="3465" y="2696" width="486" height="940" frameX="-71" frameY="-5" frameWidth="561" frameHeight="945"/>
	<SubTexture name="Left0009" x="3465" y="2696" width="486" height="940" frameX="-71" frameY="-5" frameWidth="561" frameHeight="945"/>
	<SubTexture name="Left0010" x="3465" y="2696" width="486" height="940" frameX="-71" frameY="-5" frameWidth="561" frameHeight="945"/>
	<SubTexture name="Left0011" x="3465" y="2696" width="486" height="940" frameX="-71" frameY="-5" frameWidth="561" frameHeight="945"/>
	<SubTexture name="Left0012" x="3465" y="2696" width="486" height="940" frameX="-71" frameY="-5" frameWidth="561" frameHeight="945"/>
	<SubTexture name="Left0013" x="3465" y="2696" width="486" height="940" frameX="-71" frameY="-5" frameWidth="561" frameHeight="945"/>
	<SubTexture name="Right0000" x="0" y="3641" width="597" height="950" frameX="0" frameY="-3" frameWidth="597" frameHeight="953"/>
	<SubTexture name="Right0001" x="597" y="3641" width="591" height="946" frameX="0" frameY="-7" frameWidth="597" frameHeight="953"/>
	<SubTexture name="Right0002" x="1188" y="3641" width="582" height="952" frameX="0" frameY="-1" frameWidth="597" frameHeight="953"/>
	<SubTexture name="Right0003" x="1770" y="3641" width="559" height="950" frameX="0" frameY="-3" frameWidth="597" frameHeight="953"/>
	<SubTexture name="Right0004" x="2329" y="3641" width="547" height="952" frameX="0" frameY="-1" frameWidth="597" frameHeight="953"/>
	<SubTexture name="Right0005" x="2876" y="3641" width="543" height="953" frameX="0" frameY="0" frameWidth="597" frameHeight="953"/>
	<SubTexture name="Right0006" x="2876" y="3641" width="543" height="953" frameX="0" frameY="0" frameWidth="597" frameHeight="953"/>
	<SubTexture name="Right0007" x="2876" y="3641" width="543" height="953" frameX="0" frameY="0" frameWidth="597" frameHeight="953"/>
	<SubTexture name="Right0008" x="2876" y="3641" width="543" height="953" frameX="0" frameY="0" frameWidth="597" frameHeight="953"/>
	<SubTexture name="Right0009" x="2876" y="3641" width="543" height="953" frameX="0" frameY="0" frameWidth="597" frameHeight="953"/>
	<SubTexture name="Right0010" x="2876" y="3641" width="543" height="953" frameX="0" frameY="0" frameWidth="597" frameHeight="953"/>
	<SubTexture name="Right0011" x="2876" y="3641" width="543" height="953" frameX="0" frameY="0" frameWidth="597" frameHeight="953"/>
	<SubTexture name="Right0012" x="2876" y="3641" width="543" height="953" frameX="0" frameY="0" frameWidth="597" frameHeight="953"/>
	<SubTexture name="Right0013" x="2876" y="3641" width="543" height="953" frameX="0" frameY="0" frameWidth="597" frameHeight="953"/>
	<SubTexture name="Up0000" x="3419" y="3641" width="550" height="1022"/>
	<SubTexture name="Up0001" x="0" y="4663" width="542" height="1004" frameX="-3" frameY="-18" frameWidth="550" frameHeight="1022"/>
	<SubTexture name="Up0002" x="542" y="4663" width="524" height="986" frameX="-14" frameY="-36" frameWidth="550" frameHeight="1022"/>
	<SubTexture name="Up0003" x="1066" y="4663" width="509" height="971" frameX="-27" frameY="-51" frameWidth="550" frameHeight="1022"/>
	<SubTexture name="Up0004" x="1575" y="4663" width="504" height="965" frameX="-31" frameY="-57" frameWidth="550" frameHeight="1022"/>
	<SubTexture name="Up0005" x="1575" y="4663" width="504" height="965" frameX="-31" frameY="-57" frameWidth="550" frameHeight="1022"/>
	<SubTexture name="Up0006" x="1575" y="4663" width="504" height="965" frameX="-31" frameY="-57" frameWidth="550" frameHeight="1022"/>
	<SubTexture name="Up0007" x="1575" y="4663" width="504" height="965" frameX="-31" frameY="-57" frameWidth="550" frameHeight="1022"/>
	<SubTexture name="Up0008" x="1575" y="4663" width="504" height="965" frameX="-31" frameY="-57" frameWidth="550" frameHeight="1022"/>
	<SubTexture name="Up0009" x="1575" y="4663" width="504" height="965" frameX="-31" frameY="-57" frameWidth="550" frameHeight="1022"/>
	<SubTexture name="Up0010" x="1575" y="4663" width="504" height="965" frameX="-31" frameY="-57" frameWidth="550" frameHeight="1022"/>
	<SubTexture name="Up0011" x="1575" y="4663" width="504" height="965" frameX="-31" frameY="-57" frameWidth="550" frameHeight="1022"/>
	<SubTexture name="Up0012" x="1575" y="4663" width="504" height="965" frameX="-31" frameY="-57" frameWidth="550" frameHeight="1022"/>
	<SubTexture name="Up0013" x="1575" y="4663" width="504" height="965" frameX="-31" frameY="-57" frameWidth="550" frameHeight="1022"/>
</TextureAtlas>
