﻿<?xml version="1.0" encoding="UTF-16"?>
<TextureAtlas imagePath="curse_nervous.png">
	<!-- Created with Adobe Flash CS6 version 12.0.0.481 -->
	<!-- http://www.adobe.com/products/flash.html -->
	<SubTexture name="Down0000" x="0" y="0" width="503" height="810" frameX="0" frameY="-4" frameWidth="503" frameHeight="814"/>
	<SubTexture name="Down0001" x="0" y="0" width="503" height="810" frameX="0" frameY="-4" frameWidth="503" frameHeight="814"/>
	<SubTexture name="Down0002" x="503" y="0" width="503" height="810" frameX="0" frameY="-4" frameWidth="503" frameHeight="814"/>
	<SubTexture name="Down0003" x="503" y="0" width="503" height="810" frameX="0" frameY="-4" frameWidth="503" frameHeight="814"/>
	<SubTexture name="Down0004" x="1006" y="0" width="503" height="810" frameX="0" frameY="-4" frameWidth="503" frameHeight="814"/>
	<SubTexture name="Down0005" x="1006" y="0" width="503" height="810" frameX="0" frameY="-4" frameWidth="503" frameHeight="814"/>
	<SubTexture name="Down0006" x="1509" y="0" width="503" height="810" frameX="0" frameY="-4" frameWidth="503" frameHeight="814"/>
	<SubTexture name="Down0007" x="1509" y="0" width="503" height="810" frameX="0" frameY="-4" frameWidth="503" frameHeight="814"/>
	<SubTexture name="Down0008" x="2012" y="0" width="503" height="810" frameX="0" frameY="0" frameWidth="503" frameHeight="814"/>
	<SubTexture name="Down0009" x="2012" y="0" width="503" height="810" frameX="0" frameY="0" frameWidth="503" frameHeight="814"/>
	<SubTexture name="Down0010" x="2012" y="0" width="503" height="810" frameX="0" frameY="0" frameWidth="503" frameHeight="814"/>
	<SubTexture name="Down0011" x="2012" y="0" width="503" height="810" frameX="0" frameY="0" frameWidth="503" frameHeight="814"/>
	<SubTexture name="Down0012" x="2012" y="0" width="503" height="810" frameX="0" frameY="0" frameWidth="503" frameHeight="814"/>
	<SubTexture name="Down0013" x="2012" y="0" width="503" height="810" frameX="0" frameY="0" frameWidth="503" frameHeight="814"/>
	<SubTexture name="Idle0000" x="2515" y="0" width="640" height="937" frameX="0" frameY="0" frameWidth="648" frameHeight="937"/>
	<SubTexture name="Idle0001" x="2515" y="0" width="640" height="937" frameX="0" frameY="0" frameWidth="648" frameHeight="937"/>
	<SubTexture name="Idle0002" x="3155" y="0" width="640" height="937" frameX="0" frameY="0" frameWidth="648" frameHeight="937"/>
	<SubTexture name="Idle0003" x="3155" y="0" width="640" height="937" frameX="0" frameY="0" frameWidth="648" frameHeight="937"/>
	<SubTexture name="Idle0004" x="0" y="937" width="640" height="937" frameX="0" frameY="0" frameWidth="648" frameHeight="937"/>
	<SubTexture name="Idle0005" x="0" y="937" width="640" height="937" frameX="0" frameY="0" frameWidth="648" frameHeight="937"/>
	<SubTexture name="Idle0006" x="640" y="937" width="640" height="937" frameX="0" frameY="0" frameWidth="648" frameHeight="937"/>
	<SubTexture name="Idle0007" x="640" y="937" width="640" height="937" frameX="0" frameY="0" frameWidth="648" frameHeight="937"/>
	<SubTexture name="Idle0008" x="1280" y="937" width="640" height="937" frameX="0" frameY="0" frameWidth="648" frameHeight="937"/>
	<SubTexture name="Idle0009" x="1280" y="937" width="640" height="937" frameX="0" frameY="0" frameWidth="648" frameHeight="937"/>
	<SubTexture name="Idle0010" x="1920" y="937" width="640" height="937" frameX="-8" frameY="0" frameWidth="648" frameHeight="937"/>
	<SubTexture name="Idle0011" x="1920" y="937" width="640" height="937" frameX="-8" frameY="0" frameWidth="648" frameHeight="937"/>
	<SubTexture name="Idle0012" x="1920" y="937" width="640" height="937" frameX="-8" frameY="0" frameWidth="648" frameHeight="937"/>
	<SubTexture name="Idle0013" x="1920" y="937" width="640" height="937" frameX="-8" frameY="0" frameWidth="648" frameHeight="937"/>
	<SubTexture name="Left0000" x="2560" y="937" width="534" height="942" frameX="0" frameY="0" frameWidth="542" frameHeight="942"/>
	<SubTexture name="Left0001" x="2560" y="937" width="534" height="942" frameX="0" frameY="0" frameWidth="542" frameHeight="942"/>
	<SubTexture name="Left0002" x="3094" y="937" width="534" height="942" frameX="-4" frameY="0" frameWidth="542" frameHeight="942"/>
	<SubTexture name="Left0003" x="3094" y="937" width="534" height="942" frameX="-4" frameY="0" frameWidth="542" frameHeight="942"/>
	<SubTexture name="Left0004" x="0" y="1879" width="534" height="942" frameX="-4" frameY="0" frameWidth="542" frameHeight="942"/>
	<SubTexture name="Left0005" x="0" y="1879" width="534" height="942" frameX="-4" frameY="0" frameWidth="542" frameHeight="942"/>
	<SubTexture name="Left0006" x="534" y="1879" width="534" height="942" frameX="-4" frameY="0" frameWidth="542" frameHeight="942"/>
	<SubTexture name="Left0007" x="534" y="1879" width="534" height="942" frameX="-4" frameY="0" frameWidth="542" frameHeight="942"/>
	<SubTexture name="Left0008" x="1068" y="1879" width="534" height="942" frameX="-8" frameY="0" frameWidth="542" frameHeight="942"/>
	<SubTexture name="Left0009" x="1068" y="1879" width="534" height="942" frameX="-8" frameY="0" frameWidth="542" frameHeight="942"/>
	<SubTexture name="Left0010" x="1068" y="1879" width="534" height="942" frameX="-8" frameY="0" frameWidth="542" frameHeight="942"/>
	<SubTexture name="Left0011" x="1068" y="1879" width="534" height="942" frameX="-8" frameY="0" frameWidth="542" frameHeight="942"/>
	<SubTexture name="Left0012" x="1068" y="1879" width="534" height="942" frameX="-8" frameY="0" frameWidth="542" frameHeight="942"/>
	<SubTexture name="Left0013" x="1068" y="1879" width="534" height="942" frameX="-8" frameY="0" frameWidth="542" frameHeight="942"/>
	<SubTexture name="Right0000" x="1602" y="1879" width="525" height="877"/>
	<SubTexture name="Right0001" x="1602" y="1879" width="525" height="877"/>
	<SubTexture name="Right0002" x="2127" y="1879" width="525" height="877"/>
	<SubTexture name="Right0003" x="2127" y="1879" width="525" height="877"/>
	<SubTexture name="Right0004" x="2652" y="1879" width="525" height="877"/>
	<SubTexture name="Right0005" x="2652" y="1879" width="525" height="877"/>
	<SubTexture name="Right0006" x="3177" y="1879" width="525" height="877"/>
	<SubTexture name="Right0007" x="3177" y="1879" width="525" height="877"/>
	<SubTexture name="Right0008" x="0" y="2821" width="525" height="877"/>
	<SubTexture name="Right0009" x="0" y="2821" width="525" height="877"/>
	<SubTexture name="Right0010" x="0" y="2821" width="525" height="877"/>
	<SubTexture name="Right0011" x="0" y="2821" width="525" height="877"/>
	<SubTexture name="Right0012" x="0" y="2821" width="525" height="877"/>
	<SubTexture name="Right0013" x="0" y="2821" width="525" height="877"/>
	<SubTexture name="Up0000" x="525" y="2821" width="553" height="987"/>
	<SubTexture name="Up0001" x="525" y="2821" width="553" height="987"/>
	<SubTexture name="Up0002" x="1078" y="2821" width="553" height="987"/>
	<SubTexture name="Up0003" x="1078" y="2821" width="553" height="987"/>
	<SubTexture name="Up0004" x="1631" y="2821" width="553" height="987"/>
	<SubTexture name="Up0005" x="1631" y="2821" width="553" height="987"/>
	<SubTexture name="Up0006" x="2184" y="2821" width="553" height="987"/>
	<SubTexture name="Up0007" x="2184" y="2821" width="553" height="987"/>
	<SubTexture name="Up0008" x="2737" y="2821" width="553" height="987"/>
	<SubTexture name="Up0009" x="2737" y="2821" width="553" height="987"/>
	<SubTexture name="Up0010" x="2737" y="2821" width="553" height="987"/>
	<SubTexture name="Up0011" x="2737" y="2821" width="553" height="987"/>
	<SubTexture name="Up0012" x="2737" y="2821" width="553" height="987"/>
	<SubTexture name="Up0013" x="2737" y="2821" width="553" height="987"/>
</TextureAtlas>
