﻿<?xml version="1.0" encoding="utf-8"?>
<TextureAtlas imagePath="bfPixelsDEAD.png">
	<!-- Created with Adobe Animate version 20.0.0.17400 -->
	<!-- http://www.adobe.com/products/animate.html -->
	<SubTexture name="BF Dies pixel0000" x="384" y="512" width="123" height="128"/>
	<SubTexture name="BF Dies pixel0001" x="384" y="512" width="123" height="128"/>
	<SubTexture name="BF Dies pixel0002" x="512" y="512" width="123" height="128"/>
	<SubTexture name="BF Dies pixel0003" x="512" y="512" width="123" height="128"/>
	<SubTexture name="BF Dies pixel0004" x="640" y="512" width="123" height="128"/>
	<SubTexture name="BF Dies pixel0005" x="640" y="512" width="123" height="128"/>
	<SubTexture name="BF Dies pixel0006" x="640" y="512" width="123" height="128"/>
	<SubTexture name="BF Dies pixel0007" x="640" y="512" width="123" height="128"/>
	<SubTexture name="BF Dies pixel0008" x="640" y="512" width="123" height="128"/>
	<SubTexture name="BF Dies pixel0009" x="640" y="512" width="123" height="128"/>
	<SubTexture name="BF Dies pixel0010" x="640" y="512" width="123" height="128"/>
	<SubTexture name="BF Dies pixel0011" x="640" y="512" width="123" height="128"/>
	<SubTexture name="BF Dies pixel0012" x="640" y="512" width="123" height="128"/>
	<SubTexture name="BF Dies pixel0013" x="640" y="512" width="123" height="128"/>
	<SubTexture name="BF Dies pixel0014" x="640" y="512" width="123" height="128"/>
	<SubTexture name="BF Dies pixel0015" x="640" y="512" width="123" height="128"/>
	<SubTexture name="BF Dies pixel0016" x="640" y="512" width="123" height="128"/>
	<SubTexture name="BF Dies pixel0017" x="640" y="512" width="123" height="128"/>
	<SubTexture name="BF Dies pixel0018" x="640" y="512" width="123" height="128"/>
	<SubTexture name="BF Dies pixel0019" x="640" y="512" width="123" height="128"/>
	<SubTexture name="BF Dies pixel0020" x="640" y="512" width="123" height="128"/>
	<SubTexture name="BF Dies pixel0021" x="640" y="512" width="123" height="128"/>
	<SubTexture name="BF Dies pixel0022" x="768" y="512" width="123" height="128"/>
	<SubTexture name="BF Dies pixel0023" x="768" y="512" width="123" height="128"/>
	<SubTexture name="BF Dies pixel0024" x="896" y="512" width="123" height="128"/>
	<SubTexture name="BF Dies pixel0025" x="896" y="512" width="123" height="128"/>
	<SubTexture name="BF Dies pixel0026" x="0" y="645" width="123" height="128"/>
	<SubTexture name="BF Dies pixel0027" x="0" y="645" width="123" height="128"/>
	<SubTexture name="BF Dies pixel0028" x="128" y="645" width="123" height="128"/>
	<SubTexture name="BF Dies pixel0029" x="128" y="645" width="123" height="128"/>
	<SubTexture name="BF Dies pixel0030" x="256" y="645" width="123" height="128"/>
	<SubTexture name="BF Dies pixel0031" x="256" y="645" width="123" height="128"/>
	<SubTexture name="BF Dies pixel0032" x="256" y="645" width="123" height="128"/>
	<SubTexture name="BF Dies pixel0033" x="256" y="645" width="123" height="128"/>
	<SubTexture name="BF Dies pixel0034" x="256" y="645" width="123" height="128"/>
	<SubTexture name="BF Dies pixel0035" x="256" y="645" width="123" height="128"/>
	<SubTexture name="BF Dies pixel0036" x="256" y="645" width="123" height="128"/>
	<SubTexture name="BF Dies pixel0037" x="256" y="645" width="123" height="128"/>
	<SubTexture name="BF Dies pixel0038" x="256" y="645" width="123" height="128"/>
	<SubTexture name="BF Dies pixel0039" x="256" y="645" width="123" height="128"/>
	<SubTexture name="BF Dies pixel0040" x="256" y="645" width="123" height="128"/>
	<SubTexture name="BF Dies pixel0041" x="256" y="645" width="123" height="128"/>
	<SubTexture name="BF Dies pixel0042" x="256" y="645" width="123" height="128"/>
	<SubTexture name="BF Dies pixel0043" x="256" y="645" width="123" height="128"/>
	<SubTexture name="BF Dies pixel0044" x="256" y="645" width="123" height="128"/>
	<SubTexture name="BF Dies pixel0045" x="256" y="645" width="123" height="128"/>
	<SubTexture name="BF Dies pixel0046" x="256" y="645" width="123" height="128"/>
	<SubTexture name="BF Dies pixel0047" x="256" y="645" width="123" height="128"/>
	<SubTexture name="BF Dies pixel0048" x="256" y="645" width="123" height="128"/>
	<SubTexture name="BF Dies pixel0049" x="256" y="645" width="123" height="128"/>
	<SubTexture name="BF Dies pixel0050" x="256" y="645" width="123" height="128"/>
	<SubTexture name="BF Dies pixel0051" x="256" y="645" width="123" height="128"/>
	<SubTexture name="BF Dies pixel0052" x="384" y="645" width="123" height="128"/>
	<SubTexture name="BF Dies pixel0053" x="384" y="645" width="123" height="128"/>
	<SubTexture name="BF Dies pixel0054" x="512" y="645" width="123" height="128"/>
	<SubTexture name="BF Dies pixel0055" x="512" y="645" width="123" height="128"/>
	<SubTexture name="BF Dies pixel0056" x="640" y="645" width="123" height="128"/>
	<SubTexture name="BF Dies pixel0057" x="640" y="645" width="123" height="128"/>
	<SubTexture name="RETRY CONFIRM0000" x="768" y="645" width="123" height="128"/>
	<SubTexture name="RETRY CONFIRM0001" x="768" y="645" width="123" height="128"/>
	<SubTexture name="RETRY CONFIRM0002" x="0" y="512" width="123" height="128"/>
	<SubTexture name="RETRY CONFIRM0003" x="0" y="512" width="123" height="128"/>
	<SubTexture name="RETRY CONFIRM0004" x="128" y="512" width="123" height="128"/>
	<SubTexture name="RETRY CONFIRM0005" x="128" y="512" width="123" height="128"/>
	<SubTexture name="RETRY CONFIRM0006" x="256" y="512" width="123" height="128"/>
	<SubTexture name="RETRY CONFIRM0007" x="256" y="512" width="123" height="128"/>
	<SubTexture name="RETRY CONFIRM0008" x="256" y="512" width="123" height="128"/>
	<SubTexture name="RETRY CONFIRM0009" x="256" y="512" width="123" height="128"/>
	<SubTexture name="RETRY CONFIRM0010" x="256" y="512" width="123" height="128"/>
	<SubTexture name="RETRY CONFIRM0011" x="256" y="512" width="123" height="128"/>
	<SubTexture name="RETRY CONFIRM0012" x="256" y="512" width="123" height="128"/>
	<SubTexture name="RETRY CONFIRM0013" x="256" y="512" width="123" height="128"/>
	<SubTexture name="RETRY CONFIRM0014" x="256" y="512" width="123" height="128"/>
	<SubTexture name="RETRY CONFIRM0015" x="256" y="512" width="123" height="128"/>
	<SubTexture name="RETRY CONFIRM0016" x="256" y="512" width="123" height="128"/>
	<SubTexture name="RETRY CONFIRM0017" x="256" y="512" width="123" height="128"/>
	<SubTexture name="RETRY CONFIRM0018" x="256" y="512" width="123" height="128"/>
	<SubTexture name="RETRY CONFIRM0019" x="256" y="512" width="123" height="128"/>
	<SubTexture name="RETRY CONFIRM0020" x="256" y="512" width="123" height="128"/>
	<SubTexture name="RETRY CONFIRM0021" x="256" y="512" width="123" height="128"/>
	<SubTexture name="RETRY CONFIRM0022" x="256" y="512" width="123" height="128"/>
	<SubTexture name="RETRY CONFIRM0023" x="256" y="512" width="123" height="128"/>
	<SubTexture name="RETRY CONFIRM0024" x="256" y="512" width="123" height="128"/>
	<SubTexture name="RETRY CONFIRM0025" x="256" y="512" width="123" height="128"/>
	<SubTexture name="RETRY CONFIRM0026" x="256" y="512" width="123" height="128"/>
	<SubTexture name="RETRY CONFIRM0027" x="256" y="512" width="123" height="128"/>
	<SubTexture name="RETRY CONFIRM0028" x="256" y="512" width="123" height="128"/>
	<SubTexture name="RETRY CONFIRM0029" x="256" y="512" width="123" height="128"/>
	<SubTexture name="RETRY CONFIRM0030" x="256" y="512" width="123" height="128"/>
	<SubTexture name="RETRY CONFIRM0031" x="256" y="512" width="123" height="128"/>
	<SubTexture name="RETRY CONFIRM0032" x="256" y="512" width="123" height="128"/>
	<SubTexture name="RETRY CONFIRM0033" x="256" y="512" width="123" height="128"/>
	<SubTexture name="Retry Loop0000" x="768" y="645" width="123" height="128"/>
	<SubTexture name="Retry Loop0001" x="768" y="645" width="123" height="128"/>
	<SubTexture name="Retry Loop0002" x="896" y="645" width="123" height="128"/>
	<SubTexture name="Retry Loop0003" x="0" y="778" width="123" height="128"/>
	<SubTexture name="Retry Loop0004" x="0" y="778" width="123" height="128"/>
	<SubTexture name="Retry Loop0005" x="128" y="778" width="123" height="128"/>
	<SubTexture name="Retry Loop0006" x="128" y="778" width="123" height="128"/>
	<SubTexture name="Retry Loop0007" x="256" y="778" width="123" height="128"/>
	<SubTexture name="Retry Loop0008" x="256" y="778" width="123" height="128"/>
	<SubTexture name="Retry Loop0009" x="384" y="778" width="123" height="128"/>
	<SubTexture name="Retry Loop0010" x="384" y="778" width="123" height="128"/>
	<SubTexture name="Retry Loop0011" x="512" y="778" width="123" height="128"/>
	<SubTexture name="Retry Loop0012" x="512" y="778" width="123" height="128"/>
	<SubTexture name="Retry Loop0013" x="640" y="778" width="123" height="128"/>
	<SubTexture name="Retry Loop0014" x="640" y="778" width="123" height="128"/>
	<SubTexture name="Retry Loop0015" x="768" y="778" width="123" height="128"/>
	<SubTexture name="Retry Loop0016" x="768" y="778" width="123" height="128"/>
	<SubTexture name="Retry Loop0017" x="896" y="778" width="123" height="128"/>
	<SubTexture name="Retry Loop0018" x="896" y="778" width="123" height="128"/>
	<SubTexture name="Retry Loop0019" x="0" y="911" width="123" height="128"/>
	<SubTexture name="Retry Loop0020" x="0" y="911" width="123" height="128"/>
	<SubTexture name="Retry Loop0021" x="128" y="911" width="123" height="128"/>
	<SubTexture name="Retry Loop0022" x="128" y="911" width="123" height="128"/>
	<SubTexture name="Retry Loop0023" x="256" y="911" width="123" height="128"/>
	<SubTexture name="Retry Loop0024" x="256" y="911" width="123" height="128"/>
	<SubTexture name="Retry Loop0025" x="384" y="911" width="123" height="128"/>
	<SubTexture name="Retry Loop0026" x="384" y="911" width="123" height="128"/>
	<SubTexture name="Retry Loop0027" x="512" y="911" width="123" height="128"/>
	<SubTexture name="Retry Loop0028" x="512" y="911" width="123" height="128"/>
	<SubTexture name="Retry Loop0029" x="640" y="911" width="123" height="128"/>
	<SubTexture name="Retry Loop0030" x="640" y="911" width="123" height="128"/>
	<SubTexture name="Retry Loop0031" x="768" y="911" width="123" height="128"/>
	<SubTexture name="Retry Loop0032" x="768" y="911" width="123" height="128"/>
	<SubTexture name="Retry Loop0033" x="768" y="911" width="123" height="128"/>
</TextureAtlas>
