﻿<?xml version="1.0" encoding="utf-8"?>
<TextureAtlas imagePath="dialogueBox-senpaiMad.png">
	<!-- Created with Adobe Animate version 20.0.0.17400 -->
	<!-- http://www.adobe.com/products/animate.html -->
	<SubTexture name="SENPAI ANGRY instance 10000" x="0" y="0" width="68" height="57"/>
	<SubTexture name="SENPAI ANGRY instance 10001" x="68" y="0" width="68" height="57"/>
	<SubTexture name="SENPAI ANGRY instance 10002" x="68" y="0" width="68" height="57"/>
	<SubTexture name="SENPAI ANGRY instance 10003" x="0" y="57" width="68" height="57"/>
	<SubTexture name="SENPAI ANGRY instance 10004" x="0" y="57" width="68" height="57"/>
	<SubTexture name="SENPAI ANGRY instance 10005" x="0" y="57" width="68" height="57"/>
	<SubTexture name="SENPAI ANGRY instance 10006" x="68" y="57" width="68" height="57"/>
	<SubTexture name="SENPAI ANGRY instance 10007" x="68" y="57" width="68" height="57"/>
	<SubTexture name="SENPAI ANGRY instance 10008" x="68" y="57" width="68" height="57"/>
</TextureAtlas>
