﻿<?xml version="1.0" encoding="utf-8"?>
<TextureAtlas imagePath="senpaiPortrait.png">
	<!-- Created with Adobe Animate version 20.0.0.17400 -->
	<!-- http://www.adobe.com/products/animate.html -->
	<SubTexture name="Senpai Portrait Enter instance 10000" x="0" y="0" width="91" height="60"/>
	<SubTexture name="Senpai Portrait Enter instance 10001" x="91" y="0" width="91" height="60"/>
	<SubTexture name="Senpai Portrait Enter instance 10002" x="91" y="0" width="91" height="60"/>
	<SubTexture name="Senpai Portrait Enter instance 10003" x="182" y="0" width="91" height="60"/>
	<SubTexture name="Senpai Portrait Enter instance 10004" x="182" y="0" width="91" height="60"/>
	<SubTexture name="Senpai Portrait Enter instance 10005" x="273" y="0" width="91" height="60"/>
	<SubTexture name="Senpai Portrait Enter instance 10006" x="273" y="0" width="91" height="60"/>
	<SubTexture name="Senpai Portrait Enter instance 10007" x="273" y="0" width="91" height="60"/>
	<SubTexture name="Senpai Portrait Enter instance 10008" x="273" y="0" width="91" height="60"/>
</TextureAtlas>
