<?xml version="1.0" encoding="utf-8"?>
<TextureAtlas imagePath="weebTreesD1.png">
	<!-- Created with Adobe Animate version 20.0.0.17400 -->
	<!-- http://www.adobe.com/products/animate.html -->
	<SubTexture name="tree_10000" x="0" y="0" width="512" height="512"/>
	<SubTexture name="tree_10001" x="513" y="0" width="512" height="512"/>
	<SubTexture name="tree_10002" x="1539" y="1026" width="512" height="512"/>
	<SubTexture name="tree_10003" x="2052" y="513" width="512" height="512"/>
	<SubTexture name="tree_10004" x="2565" y="0" width="512" height="512"/>
	<SubTexture name="tree_10005" x="3078" y="0" width="512" height="512"/>
	<SubTexture name="tree_10006" x="2565" y="513" width="512" height="512"/>
	<SubTexture name="tree_10007" x="2052" y="1026" width="512" height="512"/>
	<SubTexture name="tree_10008" x="2565" y="1026" width="512" height="512"/>
	<SubTexture name="tree_10009" x="3078" y="513" width="512" height="512"/>
	<SubTexture name="tree_10010" x="1026" y="0" width="512" height="512"/>
	<SubTexture name="tree_10011" x="0" y="513" width="512" height="512"/>
	<SubTexture name="tree_10012" x="513" y="513" width="512" height="512"/>
	<SubTexture name="tree_10013" x="0" y="1026" width="512" height="512"/>
	<SubTexture name="tree_10014" x="513" y="1026" width="512" height="512"/>
	<SubTexture name="tree_10015" x="1026" y="513" width="512" height="512"/>
	<SubTexture name="tree_10016" x="1026" y="1026" width="512" height="512"/>
	<SubTexture name="tree_10017" x="1539" y="0" width="512" height="512"/>
	<SubTexture name="tree_10018" x="1539" y="513" width="512" height="512"/>
	<SubTexture name="tree_10019" x="2052" y="0" width="512" height="512"/>
</TextureAtlas>
