﻿<?xml version="1.0" encoding="utf-8"?>
<TextureAtlas imagePath="senpai.png">
	<!-- Created with Adobe Animate version 20.0.0.17400 -->
	<!-- http://www.adobe.com/products/animate.html -->
	<SubTexture name="Angry Senpai DOWN NOTE0000" x="0" y="0" width="125" height="164"/>
	<SubTexture name="Angry Senpai DOWN NOTE0001" x="125" y="0" width="125" height="164"/>
	<SubTexture name="Angry Senpai Idle0000" x="250" y="0" width="125" height="164"/>
	<SubTexture name="Angry Senpai Idle0001" x="375" y="0" width="125" height="164"/>
	<SubTexture name="Angry Senpai Idle0002" x="500" y="0" width="125" height="164"/>
	<SubTexture name="Angry Senpai Idle0003" x="625" y="0" width="125" height="164"/>
	<SubTexture name="Angry Senpai Idle0004" x="750" y="0" width="125" height="164"/>
	<SubTexture name="Angry Senpai LEFT NOTE0000" x="875" y="0" width="125" height="164"/>
	<SubTexture name="Angry Senpai LEFT NOTE0001" x="0" y="164" width="125" height="164"/>
	<SubTexture name="Angry Senpai RIGHT NOTE0000" x="125" y="164" width="125" height="164"/>
	<SubTexture name="Angry Senpai RIGHT NOTE0001" x="250" y="164" width="125" height="164"/>
	<SubTexture name="Angry Senpai UP NOTE0000" x="375" y="164" width="125" height="164"/>
	<SubTexture name="Angry Senpai UP NOTE0001" x="500" y="164" width="125" height="164"/>
</TextureAtlas>
