﻿<?xml version="1.0" encoding="utf-8"?>
<TextureAtlas imagePath="senpai.png">
	<!-- Created with Adobe Animate version 20.0.0.17400 -->
	<!-- http://www.adobe.com/products/animate.html -->
	<SubTexture name="SPARKLEESS 0000" x="0" y="0" width="111" height="148"/>
	<SubTexture name="SPARKLEESS 0001" x="111" y="0" width="111" height="148"/>
	<SubTexture name="SPARKLEESS 0002" x="222" y="0" width="111" height="148"/>
	<SubTexture name="SPARKLEESS 0003" x="333" y="0" width="111" height="148"/>
	<SubTexture name="SPARKLEESS 0004" x="444" y="0" width="111" height="148"/>
	<SubTexture name="SPARKLEESS 0005" x="555" y="0" width="111" height="148"/>
	<SubTexture name="SPARKLEESS 0006" x="666" y="0" width="111" height="148"/>
	<SubTexture name="SPARKLEESS 0007" x="777" y="0" width="111" height="148"/>
	<SubTexture name="SPARKLEESS 0008" x="888" y="0" width="111" height="148"/>
	<SubTexture name="SPARKLEESS 0009" x="0" y="148" width="111" height="148"/>
	<SubTexture name="SPARKLEESS 0010" x="111" y="148" width="111" height="148"/>
	<SubTexture name="SPARKLEESS 0011" x="222" y="148" width="111" height="148"/>
	<SubTexture name="SPARKLEESS 0012" x="333" y="148" width="111" height="148"/>
	<SubTexture name="SPARKLEESS 0013" x="444" y="148" width="111" height="148"/>
	<SubTexture name="SPARKLEESS 0014" x="555" y="148" width="111" height="148"/>
	<SubTexture name="SPARKLEESS 0015" x="666" y="148" width="111" height="148"/>
	<SubTexture name="SPARKLEESS 0016" x="777" y="148" width="111" height="148"/>
	<SubTexture name="SPARKLEESS 0017" x="888" y="148" width="111" height="148"/>
	<SubTexture name="SPARKLEESS 0018" x="0" y="296" width="111" height="148"/>
	<SubTexture name="SPARKLEESS 0019" x="111" y="296" width="111" height="148"/>
	<SubTexture name="SPARKLEESS 0020" x="222" y="296" width="111" height="148"/>
	<SubTexture name="SPARKLEESS 0021" x="333" y="296" width="111" height="148"/>
	<SubTexture name="SPARKLEESS 0022" x="444" y="296" width="111" height="148"/>
	<SubTexture name="SPARKLEESS 0023" x="555" y="296" width="111" height="148"/>
	<SubTexture name="SPARKLEESS 0024" x="666" y="296" width="111" height="148"/>
	<SubTexture name="SPARKLEESS 0025" x="777" y="296" width="111" height="148"/>
	<SubTexture name="SPARKLEESS 0026" x="888" y="296" width="111" height="148"/>
	<SubTexture name="SPARKLEESS 0027" x="0" y="444" width="111" height="148"/>
</TextureAtlas>
