{
	"song": {
		"player1": "senpai-anger-player",
		"sectionLengths": [],
		"notes": [
			{
				"typeOfSection": 0,
				"lengthInSteps": 16,
				"sectionNotes": [
					[
						416.666666666667,
						1,
						0
					],
					[
						625,
						0,
						0
					],
					[
						833.333333333333,
						2,
						208.333333333333
					],
					[
						1145.83333333333,
						3,
						0
					],
					[
						1458.33333333333,
						2,
						0
					],
					[
						1562.5,
						1,
						0
					]
				],
				"gfSection": true,
				"mustHitSection": true
			},
			{
				"typeOfSection": 0,
				"lengthInSteps": 16,
				"sectionNotes": [
					[
						1875,
						3,
						0
					],
					[
						1979.16666666667,
						1,
						0
					],
					[
						1666.66666666667,
						0,
						104.166666666667
					],
					[
						2083.33333333333,
						2,
						104.166666666667
					],
					[
						2291.66666666667,
						3,
						0
					],
					[
						2500,
						1,
						312.5
					],
					[
						2916.66666666667,
						2,
						0
					],
					[
						3125,
						3,
						0
					]
				],
				"gfSection": true,
				"mustHitSection": true
			},
			{
				"typeOfSection": 0,
				"lengthInSteps": 16,
				"sectionNotes": [
					[
						3333.33333333333,
						6,
						0,
						"GF Sing"
					],
					[
						3541.66666666667,
						4,
						0,
						"GF Sing"
					],
					[
						3750,
						5,
						364.583333333333,
						"GF Sing"
					],
					[
						4166.66666666667,
						6,
						208.333333333333
					],
					[
						4479.16666666667,
						7,
						0
					],
					[
						4791.66666666667,
						6,
						0
					],
					[
						4895.83333333333,
						5,
						0
					]
				],
				"gfSection": false,
				"mustHitSection": true
			},
			{
				"typeOfSection": 0,
				"lengthInSteps": 16,
				"sectionNotes": [
					[
						5208.33333333333,
						7,
						0
					],
					[
						5312.5,
						5,
						0
					],
					[
						5000,
						4,
						104.166666666667
					],
					[
						5416.66666666667,
						6,
						104.166666666667
					],
					[
						5625,
						7,
						0
					],
					[
						5833.33333333333,
						5,
						312.5
					],
					[
						6250,
						6,
						0
					],
					[
						6458.33333333333,
						7,
						0
					],
					[
						5000,
						2,
						729.166666666667
					],
					[
						5833.33333333333,
						3,
						729.166666666667
					]
				],
				"gfSection": true,
				"mustHitSection": true
			},
			{
				"typeOfSection": 0,
				"lengthInSteps": 16,
				"sectionNotes": [
					[
						6666.66666666667,
						6,
						0
					],
					[
						6875,
						4,
						0
					],
					[
						6666.66666666667,
						1,
						0
					],
					[
						6875,
						2,
						0
					],
					[
						7083.33333333333,
						0,
						0
					],
					[
						7187.5,
						3,
						0
					],
					[
						7291.66666666667,
						1,
						0
					],
					[
						7395.83333333333,
						2,
						208.333333333333
					],
					[
						7708.33333333333,
						3,
						0
					],
					[
						7916.66666666667,
						0,
						0
					],
					[
						8125,
						2,
						0
					],
					[
						8229.16666666667,
						1,
						208.333333333333
					],
					[
						7083.33333333333,
						7,
						312.5
					]
				],
				"altAnim": false,
				"mustHitSection": true
			},
			{
				"typeOfSection": 0,
				"lengthInSteps": 16,
				"sectionNotes": [
					[
						8958.33333333333,
						2,
						0
					],
					[
						8541.66666666667,
						0,
						0
					],
					[
						8750,
						3,
						0
					],
					[
						8333.33333333333,
						4,
						729.166666666667
					],
					[
						9166.66666666667,
						5,
						729.166666666667
					],
					[
						9062.5,
						1,
						208.333333333333
					],
					[
						9375,
						0,
						104.166666666667
					],
					[
						9583.33333333333,
						1,
						104.166666666667
					],
					[
						9791.66666666667,
						3,
						104.166666666667
					]
				],
				"altAnim": false,
				"mustHitSection": true
			},
			{
				"typeOfSection": 0,
				"lengthInSteps": 16,
				"sectionNotes": [
					[
						10000,
						6,
						0
					],
					[
						10000,
						1,
						0
					],
					[
						10208.3333333333,
						2,
						0
					],
					[
						10416.6666666667,
						0,
						0
					],
					[
						10520.8333333333,
						3,
						0
					],
					[
						10625,
						1,
						0
					],
					[
						10729.1666666667,
						2,
						208.333333333333
					],
					[
						11041.6666666667,
						3,
						0
					],
					[
						11250,
						0,
						0
					],
					[
						11458.3333333333,
						2,
						0
					],
					[
						11562.5,
						1,
						208.333333333333
					]
				],
				"altAnim": false,
				"mustHitSection": false
			},
			{
				"typeOfSection": 0,
				"lengthInSteps": 16,
				"sectionNotes": [
					[
						12291.6666666667,
						2,
						0
					],
					[
						11875,
						0,
						0
					],
					[
						12083.3333333333,
						3,
						0
					],
					[
						11666.6666666667,
						4,
						729.166666666667
					],
					[
						12500,
						5,
						729.166666666667
					],
					[
						12395.8333333333,
						1,
						208.333333333333
					],
					[
						12708.3333333333,
						0,
						104.166666666667
					],
					[
						12916.6666666667,
						1,
						104.166666666667
					],
					[
						13125,
						3,
						104.166666666667
					]
				],
				"gfSection": false,
				"mustHitSection": false
			},
			{
				"typeOfSection": 0,
				"lengthInSteps": 16,
				"sectionNotes": [
					[
						13333.3333333333,
						6,
						729.166666666667
					],
					[
						13541.6666666667,
						2,
						0
					],
					[
						13750,
						2,
						0
					],
					[
						13958.3333333333,
						3,
						520.833333333333
					],
					[
						14791.6666666667,
						0,
						0
					]
				],
				"gfSection": true,
				"mustHitSection": true
			},
			{
				"typeOfSection": 0,
				"lengthInSteps": 16,
				"sectionNotes": [
					[
						15000,
						2,
						0
					],
					[
						15208.3333333333,
						1,
						0
					],
					[
						15416.6666666667,
						3,
						0
					],
					[
						15625,
						2,
						312.5
					],
					[
						16041.6666666667,
						0,
						312.5
					],
					[
						16458.3333333333,
						1,
						0
					],
					[
						15000,
						7,
						729.166666666667
					],
					[
						15833.3333333333,
						5,
						729.166666666667
					]
				],
				"gfSection": true,
				"mustHitSection": true
			},
			{
				"typeOfSection": 0,
				"lengthInSteps": 16,
				"sectionNotes": [
					[
						16666.6666666667,
						2,
						0
					],
					[
						16875,
						0,
						0
					],
					[
						16979.1666666667,
						3,
						0
					],
					[
						17083.3333333333,
						1,
						729.166666666667
					],
					[
						18125,
						2,
						0
					],
					[
						16666.6666666667,
						6,
						729.166666666667
					]
				],
				"gfSection": true,
				"mustHitSection": true
			},
			{
				"typeOfSection": 0,
				"lengthInSteps": 16,
				"sectionNotes": [
					[
						18333.3333333333,
						5,
						729.166666666667
					],
					[
						19166.6666666667,
						7,
						729.166666666667
					],
					[
						18333.3333333333,
						3,
						208.333333333333
					],
					[
						18645.8333333333,
						0,
						208.333333333333
					],
					[
						18958.3333333333,
						1,
						208.333333333333
					],
					[
						19375,
						3,
						0
					],
					[
						19583.3333333333,
						2,
						312.5
					]
				],
				"gfSection": true,
				"mustHitSection": true
			},
			{
				"typeOfSection": 0,
				"lengthInSteps": 16,
				"sectionNotes": [
					[
						20208.3333333333,
						6,
						0
					],
					[
						20416.6666666667,
						6,
						0
					],
					[
						20625,
						7,
						520.833333333333
					],
					[
						21458.3333333333,
						4,
						0
					],
					[
						20000,
						1,
						312.5
					]
				],
				"gfSection": true,
				"mustHitSection": true
			},
			{
				"typeOfSection": 0,
				"lengthInSteps": 16,
				"sectionNotes": [
					[
						21666.6666666667,
						6,
						0
					],
					[
						21875,
						5,
						0
					],
					[
						22083.3333333333,
						7,
						0
					],
					[
						22291.6666666667,
						6,
						312.5
					],
					[
						22708.3333333333,
						4,
						312.5
					],
					[
						23125,
						5,
						0
					],
					[
						21666.6666666667,
						3,
						729.166666666667
					],
					[
						22500,
						1,
						729.166666666667
					],
					[
						21666.6666666667,
						6,
						0
					],
					[
						21875,
						5,
						0
					],
					[
						22083.3333333333,
						7,
						0
					],
					[
						22291.6666666667,
						6,
						312.5
					],
					[
						22708.3333333333,
						4,
						312.5
					],
					[
						23125,
						5,
						0
					],
					[
						21666.6666666667,
						3,
						729.166666666667
					],
					[
						22500,
						1,
						729.166666666667
					]
				],
				"gfSection": true,
				"mustHitSection": true
			},
			{
				"typeOfSection": 0,
				"lengthInSteps": 16,
				"sectionNotes": [
					[
						23333.3333333333,
						6,
						0
					],
					[
						23541.6666666667,
						4,
						0
					],
					[
						23645.8333333333,
						7,
						0
					],
					[
						23750,
						5,
						729.166666666667
					],
					[
						24791.6666666667,
						6,
						0
					],
					[
						23333.3333333333,
						2,
						729.166666666667
					]
				],
				"gfSection": true,
				"mustHitSection": true
			},
			{
				"typeOfSection": 0,
				"lengthInSteps": 16,
				"sectionNotes": [
					[
						25000,
						1,
						729.166666666667
					],
					[
						25833.3333333333,
						3,
						729.166666666667
					],
					[
						25000,
						7,
						208.333333333333
					],
					[
						25312.5,
						4,
						208.333333333333
					],
					[
						25625,
						5,
						208.333333333333
					],
					[
						26041.6666666667,
						7,
						0
					],
					[
						26250,
						6,
						312.5
					]
				],
				"gfSection": true,
				"mustHitSection": true
			},
			{
				"typeOfSection": 0,
				"lengthInSteps": 16,
				"sectionNotes": [
					[
						27291.6666666667,
						2,
						0
					],
					[
						27083.3333333333,
						3,
						0
					],
					[
						26666.6666666667,
						1,
						312.5
					],
					[
						27500,
						0,
						312.5
					],
					[
						27916.6666666667,
						1,
						312.5
					],
					[
						27500,
						7,
						312.5
					],
					[
						26666.6666666667,
						5,
						312.5
					]
				],
				"altAnim": false,
				"mustHitSection": true
			},
			{
				"typeOfSection": 0,
				"lengthInSteps": 16,
				"sectionNotes": [
					[
						28333.3333333333,
						2,
						312.5
					],
					[
						28750,
						3,
						0
					],
					[
						28958.3333333333,
						0,
						312.5
					],
					[
						28333.3333333333,
						6,
						312.5
					],
					[
						28750,
						7,
						312.5
					],
					[
						29166.6666666667,
						5,
						729.166666666667
					]
				],
				"altAnim": false,
				"mustHitSection": true
			},
			{
				"typeOfSection": 0,
				"lengthInSteps": 16,
				"sectionNotes": [
					[
						30625,
						2,
						0
					],
					[
						30416.6666666667,
						3,
						0
					],
					[
						30000,
						1,
						312.5
					],
					[
						30833.3333333333,
						0,
						312.5
					],
					[
						31250,
						1,
						312.5
					],
					[
						30000,
						6,
						729.166666666667
					]
				],
				"altAnim": false,
				"mustHitSection": true
			},
			{
				"typeOfSection": 0,
				"lengthInSteps": 16,
				"sectionNotes": [
					[
						31666.6666666667,
						2,
						312.5
					],
					[
						32083.3333333333,
						3,
						0
					],
					[
						32291.6666666667,
						0,
						312.5
					],
					[
						32916.6666666667,
						3,
						312.5
					],
					[
						32708.3333333333,
						1,
						0
					],
					[
						31666.6666666667,
						4,
						729.166666666667
					],
					[
						32500,
						7,
						729.166666666667
					]
				],
				"altAnim": false,
				"mustHitSection": true
			},
			{
				"typeOfSection": 0,
				"lengthInSteps": 16,
				"sectionNotes": [
					[
						33958.3333333333,
						2,
						0
					],
					[
						33750,
						3,
						0
					],
					[
						33333.3333333333,
						1,
						312.5
					],
					[
						34166.6666666667,
						0,
						312.5
					],
					[
						34583.3333333333,
						1,
						312.5
					],
					[
						34166.6666666667,
						7,
						312.5
					],
					[
						33333.3333333333,
						5,
						312.5
					]
				],
				"altAnim": false,
				"mustHitSection": false
			},
			{
				"typeOfSection": 0,
				"lengthInSteps": 16,
				"sectionNotes": [
					[
						35000,
						2,
						312.5
					],
					[
						35416.6666666667,
						3,
						0
					],
					[
						35625,
						0,
						312.5
					],
					[
						35000,
						6,
						312.5
					],
					[
						35416.6666666667,
						7,
						312.5
					],
					[
						35833.3333333333,
						5,
						729.166666666667
					]
				],
				"altAnim": false,
				"mustHitSection": false
			},
			{
				"typeOfSection": 0,
				"lengthInSteps": 16,
				"sectionNotes": [
					[
						37291.6666666667,
						2,
						0
					],
					[
						37083.3333333333,
						3,
						0
					],
					[
						36666.6666666667,
						1,
						312.5
					],
					[
						37500,
						0,
						312.5
					],
					[
						37916.6666666667,
						1,
						312.5
					],
					[
						36666.6666666667,
						6,
						729.166666666667
					]
				],
				"altAnim": false,
				"mustHitSection": false
			},
			{
				"typeOfSection": 0,
				"lengthInSteps": 16,
				"sectionNotes": [
					[
						38333.3333333333,
						2,
						312.5
					],
					[
						38750,
						3,
						0
					],
					[
						38958.3333333333,
						0,
						312.5
					],
					[
						39583.3333333333,
						3,
						312.5
					],
					[
						39375,
						1,
						0
					],
					[
						38333.3333333333,
						4,
						729.166666666667
					],
					[
						39166.6666666667,
						7,
						729.166666666667
					]
				],
				"altAnim": false,
				"mustHitSection": false
			},
			{
				"typeOfSection": 0,
				"lengthInSteps": 16,
				"sectionNotes": [
					[
						40000,
						5,
						416.666666666667
					],
					[
						40416.6666666667,
						1,
						0
					],
					[
						40625,
						0,
						0
					],
					[
						40833.3333333333,
						2,
						208.333333333333
					],
					[
						41145.8333333333,
						3,
						0
					],
					[
						41458.3333333333,
						2,
						0
					],
					[
						41562.5,
						1,
						0
					]
				],
				"gfSection": true,
				"mustHitSection": true
			},
			{
				"typeOfSection": 0,
				"lengthInSteps": 16,
				"sectionNotes": [
					[
						41666.6666666667,
						6,
						729.166666666667
					],
					[
						42500,
						7,
						729.166666666667
					],
					[
						41875,
						3,
						0
					],
					[
						41979.1666666667,
						1,
						0
					],
					[
						41666.6666666667,
						0,
						104.166666666667
					],
					[
						42083.3333333333,
						2,
						104.166666666667
					],
					[
						42291.6666666667,
						3,
						0
					],
					[
						42500,
						1,
						312.5
					],
					[
						42916.6666666667,
						2,
						0
					],
					[
						43125,
						3,
						0
					]
				],
				"gfSection": true,
				"mustHitSection": true
			},
			{
				"typeOfSection": 0,
				"lengthInSteps": 16,
				"sectionNotes": [
					[
						43333.3333333333,
						2,
						0
					],
					[
						43541.6666666667,
						0,
						0
					],
					[
						43750,
						1,
						312.5
					],
					[
						43750,
						5,
						0
					],
					[
						43958.3333333333,
						4,
						0
					],
					[
						44166.6666666667,
						6,
						208.333333333333
					],
					[
						44479.1666666667,
						7,
						0
					],
					[
						44791.6666666667,
						6,
						0
					],
					[
						44895.8333333333,
						5,
						0
					],
					[
						43333.3333333333,
						4,
						312.5
					]
				],
				"gfSection": true,
				"mustHitSection": true
			},
			{
				"lengthInSteps": 16,
				"sectionNotes": [
					[
						45208.3333333333,
						7,
						0
					],
					[
						45312.5,
						5,
						0
					],
					[
						45000,
						4,
						104.166666666667
					],
					[
						45416.6666666667,
						6,
						104.166666666667
					],
					[
						45625,
						7,
						0
					],
					[
						45833.3333333333,
						5,
						312.5
					],
					[
						46250,
						6,
						0
					],
					[
						46458.3333333333,
						7,
						0
					],
					[
						45000,
						2,
						729.166666666667
					],
					[
						45833.3333333333,
						3,
						729.166666666667
					]
				],
				"typeOfSection": 0,
				"gfSection": true,
				"mustHitSection": true,
				"changeBPM": false,
				"bpm": 100
			},
			{
				"sectionNotes": [
					[
						46666.6666666667,
						6,
						0
					],
					[
						46875,
						4,
						0
					],
					[
						47083.3333333333,
						0,
						0
					],
					[
						47187.5,
						3,
						0
					],
					[
						47291.6666666667,
						1,
						0
					],
					[
						47083.3333333333,
						7,
						312.5
					],
					[
						47395.8333333333,
						2,
						0
					],
					[
						47500,
						3,
						104.166666666667
					],
					[
						47708.3333333333,
						0,
						104.166666666667
					],
					[
						47916.6666666667,
						1,
						0
					],
					[
						48125,
						2,
						0
					]
				],
				"typeOfSection": 0,
				"lengthInSteps": 16,
				"gfSection": false,
				"altAnim": false,
				"mustHitSection": true,
				"changeBPM": false,
				"bpm": 100
			},
			{
				"lengthInSteps": 16,
				"typeOfSection": 0,
				"sectionNotes": [
					[
						48333.3333333333,
						3,
						0
					],
					[
						48541.6666666667,
						0,
						0
					],
					[
						48750,
						1,
						0
					],
					[
						48958.3333333333,
						3,
						0
					],
					[
						49062.5,
						2,
						208.333333333333
					],
					[
						49375,
						1,
						0
					],
					[
						49583.3333333333,
						0,
						0
					],
					[
						49791.6666666667,
						3,
						0
					],
					[
						48333.3333333333,
						5,
						312.5
					],
					[
						48750,
						4,
						312.5
					],
					[
						49166.6666666667,
						6,
						729.166666666667
					]
				],
				"altAnim": false,
				"gfSection": false,
				"bpm": 100,
				"changeBPM": false,
				"mustHitSection": true
			},
			{
				"lengthInSteps": 16,
				"typeOfSection": 0,
				"sectionNotes": [
					[
						50416.6666666667,
						0,
						0
					],
					[
						50520.8333333333,
						3,
						0
					],
					[
						50625,
						1,
						0
					],
					[
						50729.1666666667,
						2,
						0
					],
					[
						50833.3333333333,
						3,
						104.166666666667
					],
					[
						51041.6666666667,
						0,
						104.166666666667
					],
					[
						51250,
						1,
						0
					],
					[
						51458.3333333333,
						2,
						0
					],
					[
						50000,
						1,
						312.5
					]
				],
				"altAnim": false,
				"gfSection": false,
				"bpm": 100,
				"changeBPM": false,
				"mustHitSection": false
			},
			{
				"sectionBeats": 4,
				"sectionNotes": [
					[
						51666.6666666667,
						3,
						0
					],
					[
						51875,
						0,
						0
					],
					[
						52083.3333333333,
						1,
						0
					],
					[
						52291.6666666667,
						3,
						0
					],
					[
						52395.8333333333,
						2,
						208.333333333333
					],
					[
						52708.3333333333,
						1,
						0
					],
					[
						52916.6666666667,
						0,
						0
					],
					[
						53125,
						3,
						0
					],
					[
						51666.6666666667,
						5,
						312.5
					],
					[
						52083.3333333333,
						4,
						312.5
					],
					[
						52500,
						6,
						729.166666666667
					]
				],
				"typeOfSection": 0,
				"gfSection": false,
				"altAnim": false,
				"mustHitSection": false,
				"changeBPM": false,
				"bpm": 144
			},
			{
				"sectionBeats": 4,
				"sectionNotes": [
					[
						53333.3333333333,
						5,
						729.166666666667
					],
					[
						53333.3333333333,
						2,
						0
					],
					[
						53437.5,
						3,
						0
					],
					[
						53541.6666666666,
						0,
						0
					],
					[
						54166.6666666666,
						7,
						729.166666666667
					],
					[
						53645.8333333333,
						1,
						0
					],
					[
						53750,
						3,
						0
					],
					[
						53854.1666666666,
						2,
						0
					],
					[
						53958.3333333333,
						0,
						0
					],
					[
						54062.5,
						2,
						0
					],
					[
						54166.6666666666,
						1,
						0
					],
					[
						54375,
						3,
						0
					],
					[
						54479.1666666666,
						2,
						208.333333333333
					],
					[
						54791.6666666666,
						0,
						104.166666666667
					]
				],
				"typeOfSection": 0,
				"gfSection": true,
				"altAnim": false,
				"mustHitSection": true,
				"changeBPM": false,
				"bpm": 144
			},
			{
				"sectionBeats": 4,
				"sectionNotes": [
					[
						55000,
						1,
						729.166666666667
					],
					[
						55000,
						6,
						0
					],
					[
						55104.1666666666,
						7,
						0
					],
					[
						55208.3333333333,
						4,
						0
					],
					[
						55833.3333333333,
						3,
						729.166666666667
					],
					[
						55312.5,
						5,
						0
					],
					[
						55416.6666666666,
						7,
						0
					],
					[
						55520.8333333333,
						6,
						0
					],
					[
						55625,
						4,
						0
					],
					[
						55729.1666666666,
						6,
						0
					],
					[
						55833.3333333333,
						5,
						0
					],
					[
						56041.6666666666,
						7,
						0
					],
					[
						56145.8333333333,
						6,
						208.333333333333
					],
					[
						56458.3333333333,
						4,
						104.166666666667
					]
				],
				"typeOfSection": 0,
				"gfSection": true,
				"altAnim": false,
				"mustHitSection": true,
				"changeBPM": false,
				"bpm": 144
			},
			{
				"sectionBeats": 4,
				"sectionNotes": [
					[
						56666.6666666666,
						1,
						0
					],
					[
						56770.8333333333,
						2,
						0
					],
					[
						56875,
						0,
						0
					],
					[
						56979.1666666666,
						3,
						0
					],
					[
						57083.3333333333,
						1,
						0
					],
					[
						57187.5,
						3,
						0
					],
					[
						57291.6666666666,
						2,
						0
					],
					[
						57395.8333333333,
						0,
						0
					],
					[
						57500,
						1,
						104.166666666667
					],
					[
						57708.3333333333,
						3,
						0
					],
					[
						57812.5,
						2,
						208.333333333333
					],
					[
						58125,
						0,
						104.166666666667
					],
					[
						57500,
						7,
						729.166666666667
					],
					[
						56666.6666666666,
						6,
						729.166666666667
					]
				],
				"typeOfSection": 0,
				"gfSection": false,
				"altAnim": false,
				"mustHitSection": true,
				"changeBPM": false,
				"bpm": 144
			},
			{
				"sectionBeats": 4,
				"sectionNotes": [
					[
						58333.3333333333,
						1,
						0
					],
					[
						58437.5,
						2,
						0
					],
					[
						58541.6666666666,
						0,
						0
					],
					[
						58645.8333333333,
						3,
						0
					],
					[
						58750,
						1,
						0
					],
					[
						58854.1666666666,
						3,
						0
					],
					[
						58958.3333333333,
						2,
						0
					],
					[
						59062.5,
						0,
						0
					],
					[
						59166.6666666666,
						1,
						104.166666666667
					],
					[
						59375,
						3,
						0
					],
					[
						59479.1666666666,
						2,
						208.333333333333
					],
					[
						59791.6666666666,
						0,
						104.166666666667
					],
					[
						59166.6666666666,
						7,
						729.166666666667
					],
					[
						58333.3333333333,
						6,
						729.166666666667
					]
				],
				"typeOfSection": 0,
				"gfSection": false,
				"altAnim": false,
				"mustHitSection": false,
				"changeBPM": false,
				"bpm": 144
			},
			{
				"sectionBeats": 4,
				"sectionNotes": [
					[
						60000,
						5,
						729.166666666667
					],
					[
						60000,
						2,
						0
					],
					[
						60104.1666666666,
						3,
						0
					],
					[
						60208.3333333333,
						0,
						0
					],
					[
						60833.3333333333,
						7,
						729.166666666667
					],
					[
						60312.5,
						1,
						0
					],
					[
						60416.6666666666,
						3,
						0
					],
					[
						60520.8333333333,
						2,
						0
					],
					[
						60625,
						0,
						0
					],
					[
						60729.1666666666,
						2,
						0
					],
					[
						60833.3333333333,
						1,
						0
					],
					[
						61458.3333333333,
						0,
						104.166666666667
					],
					[
						61041.6666666666,
						3,
						0
					],
					[
						60937.5,
						0,
						0
					],
					[
						61145.8333333333,
						1,
						208.333333333333
					]
				],
				"typeOfSection": 0,
				"gfSection": true,
				"altAnim": false,
				"mustHitSection": true,
				"changeBPM": false,
				"bpm": 144
			},
			{
				"sectionBeats": 4,
				"sectionNotes": [
					[
						61666.6666666666,
						1,
						729.166666666667
					],
					[
						61666.6666666666,
						6,
						0
					],
					[
						61770.8333333333,
						7,
						0
					],
					[
						61875,
						4,
						0
					],
					[
						62500,
						3,
						729.166666666667
					],
					[
						61979.1666666666,
						5,
						0
					],
					[
						62083.3333333333,
						7,
						0
					],
					[
						62187.5,
						6,
						0
					],
					[
						62291.6666666666,
						4,
						0
					],
					[
						62395.8333333333,
						6,
						0
					],
					[
						62500,
						5,
						0
					],
					[
						63125,
						4,
						104.166666666667
					],
					[
						62708.3333333333,
						7,
						0
					],
					[
						62604.1666666666,
						4,
						0
					],
					[
						62812.5,
						5,
						208.333333333333
					]
				],
				"typeOfSection": 0,
				"gfSection": true,
				"altAnim": false,
				"mustHitSection": true,
				"changeBPM": false,
				"bpm": 144
			},
			{
				"sectionBeats": 4,
				"sectionNotes": [
					[
						63333.3333333333,
						1,
						0
					],
					[
						63437.5,
						2,
						0
					],
					[
						63541.6666666666,
						0,
						0
					],
					[
						63645.8333333333,
						3,
						0
					],
					[
						63750,
						1,
						0
					],
					[
						63854.1666666666,
						3,
						0
					],
					[
						63958.3333333333,
						2,
						0
					],
					[
						64062.5,
						0,
						0
					],
					[
						64479.1666666666,
						2,
						208.333333333333
					],
					[
						64791.6666666666,
						0,
						104.166666666667
					],
					[
						64166.6666666666,
						7,
						729.166666666667
					],
					[
						63333.3333333333,
						6,
						729.166666666667
					],
					[
						64166.6666666666,
						1,
						0
					],
					[
						64270.8333333333,
						3,
						0
					],
					[
						64375,
						1,
						0
					]
				],
				"typeOfSection": 0,
				"gfSection": false,
				"altAnim": false,
				"mustHitSection": true,
				"changeBPM": false,
				"bpm": 144
			},
			{
				"sectionBeats": 4,
				"sectionNotes": [
					[
						65000,
						5,
						729.166666666667
					],
					[
						65000,
						2,
						0
					],
					[
						65104.1666666666,
						3,
						0
					],
					[
						65208.3333333333,
						0,
						0
					],
					[
						65833.3333333333,
						7,
						729.166666666667
					],
					[
						65312.5,
						1,
						0
					],
					[
						65416.6666666666,
						3,
						0
					],
					[
						65520.8333333333,
						2,
						0
					],
					[
						65625,
						0,
						0
					],
					[
						65729.1666666666,
						2,
						0
					],
					[
						65833.3333333333,
						1,
						0
					],
					[
						66458.3333333333,
						0,
						104.166666666667
					],
					[
						66041.6666666666,
						3,
						0
					],
					[
						65937.5,
						0,
						0
					],
					[
						66145.8333333333,
						1,
						208.333333333333
					]
				],
				"typeOfSection": 0,
				"gfSection": false,
				"altAnim": false,
				"mustHitSection": false,
				"changeBPM": false,
				"bpm": 144
			},
			{
				"sectionBeats": 4,
				"sectionNotes": [
					[
						66666.6666666666,
						2,
						0
					],
					[
						66770.8333333333,
						0,
						0
					],
					[
						66875,
						3,
						0
					],
					[
						66979.1666666666,
						1,
						0
					],
					[
						67083.3333333333,
						3,
						0
					],
					[
						67187.5,
						2,
						0
					],
					[
						67291.6666666666,
						0,
						0
					],
					[
						67395.8333333333,
						3,
						0
					],
					[
						67708.3333333333,
						0,
						0
					],
					[
						67500,
						1,
						104.166666666667
					],
					[
						67916.6666666666,
						2,
						104.166666666667
					],
					[
						68125,
						3,
						0
					],
					[
						66666.6666666666,
						5,
						729.166666666667
					],
					[
						67708.3333333333,
						6,
						0
					],
					[
						67916.6666666666,
						7,
						0
					],
					[
						68125,
						4,
						0
					]
				],
				"typeOfSection": 0,
				"gfSection": true,
				"altAnim": false,
				"mustHitSection": true,
				"changeBPM": false,
				"bpm": 144
			},
			{
				"sectionBeats": 4,
				"sectionNotes": [
					[
						68333.3333333333,
						1,
						0
					],
					[
						68541.6666666666,
						3,
						0
					],
					[
						68645.8333333333,
						2,
						0
					],
					[
						68750,
						0,
						0
					],
					[
						68854.1666666666,
						3,
						0
					],
					[
						68958.3333333333,
						1,
						0
					],
					[
						69062.5,
						3,
						0
					],
					[
						69166.6666666666,
						2,
						0
					],
					[
						68437.5,
						0,
						0
					],
					[
						69375,
						2,
						0
					],
					[
						69583.3333333333,
						1,
						104.166666666667
					],
					[
						69791.6666666666,
						0,
						104.166666666667
					],
					[
						68333.3333333333,
						6,
						312.5
					],
					[
						68750,
						7,
						312.5
					],
					[
						69166.6666666666,
						5,
						729.166666666667
					]
				],
				"typeOfSection": 0,
				"gfSection": true,
				"altAnim": false,
				"mustHitSection": true,
				"changeBPM": false,
				"bpm": 144
			},
			{
				"sectionBeats": 4,
				"sectionNotes": [
					[
						70000,
						6,
						0
					],
					[
						70104.1666666666,
						4,
						0
					],
					[
						70208.3333333333,
						7,
						0
					],
					[
						70312.5,
						5,
						0
					],
					[
						70416.6666666666,
						7,
						0
					],
					[
						70520.8333333333,
						6,
						0
					],
					[
						70625,
						4,
						0
					],
					[
						70729.1666666666,
						7,
						0
					],
					[
						71041.6666666666,
						4,
						0
					],
					[
						70833.3333333333,
						5,
						104.166666666667
					],
					[
						71250,
						6,
						104.166666666667
					],
					[
						71458.3333333333,
						7,
						0
					],
					[
						70000,
						1,
						729.166666666667
					],
					[
						71041.6666666666,
						2,
						0
					],
					[
						71250,
						3,
						0
					],
					[
						71458.3333333333,
						0,
						0
					]
				],
				"typeOfSection": 0,
				"gfSection": true,
				"altAnim": false,
				"mustHitSection": true,
				"changeBPM": false,
				"bpm": 144
			},
			{
				"sectionBeats": 4,
				"sectionNotes": [
					[
						71666.6666666666,
						5,
						0
					],
					[
						71875,
						7,
						0
					],
					[
						71979.1666666666,
						6,
						0
					],
					[
						72083.3333333333,
						4,
						0
					],
					[
						72187.5,
						7,
						0
					],
					[
						72291.6666666666,
						5,
						0
					],
					[
						72395.8333333333,
						7,
						0
					],
					[
						72500,
						6,
						0
					],
					[
						71770.8333333333,
						4,
						0
					],
					[
						72708.3333333333,
						6,
						0
					],
					[
						72916.6666666666,
						5,
						104.166666666667
					],
					[
						73125,
						4,
						104.166666666667
					],
					[
						71666.6666666666,
						2,
						312.5
					],
					[
						72083.3333333333,
						3,
						312.5
					],
					[
						72500,
						1,
						729.166666666667
					]
				],
				"typeOfSection": 0,
				"gfSection": true,
				"altAnim": false,
				"mustHitSection": true,
				"changeBPM": false,
				"bpm": 144
			},
			{
				"sectionBeats": 4,
				"sectionNotes": [
					[
						73541.6666666666,
						0,
						0
					],
					[
						73750,
						2,
						0
					],
					[
						73854.1666666666,
						2,
						0
					],
					[
						73958.3333333333,
						3,
						0
					],
					[
						74166.6666666666,
						1,
						0
					],
					[
						73333.3333333333,
						2,
						0
					],
					[
						73333.3333333333,
						6,
						312.5
					],
					[
						73958.3333333333,
						4,
						312.5
					],
					[
						74270.8333333333,
						3,
						0
					],
					[
						74375,
						2,
						0
					],
					[
						74479.1666666666,
						0,
						0
					],
					[
						74583.3333333333,
						2,
						0
					],
					[
						74687.5,
						1,
						0
					],
					[
						74791.6666666666,
						3,
						0
					],
					[
						74895.8333333333,
						2,
						0
					]
				],
				"typeOfSection": 0,
				"gfSection": false,
				"altAnim": false,
				"mustHitSection": true,
				"changeBPM": false,
				"bpm": 144
			},
			{
				"sectionBeats": 4,
				"sectionNotes": [
					[
						75000,
						1,
						0
					],
					[
						75104.1666666667,
						3,
						0
					],
					[
						75208.3333333333,
						2,
						0
					],
					[
						75312.5,
						0,
						0
					],
					[
						75416.6666666667,
						3,
						0
					],
					[
						75520.8333333333,
						1,
						0
					],
					[
						75625,
						3,
						0
					],
					[
						75729.1666666667,
						2,
						0
					],
					[
						75833.3333333333,
						0,
						104.166666666667
					],
					[
						76041.6666666667,
						1,
						104.166666666667
					],
					[
						76250,
						2,
						312.5
					],
					[
						75416.6666666667,
						4,
						312.5
					],
					[
						75833.3333333333,
						7,
						312.5
					],
					[
						76250,
						6,
						312.5
					],
					[
						75000,
						5,
						312.5
					]
				],
				"typeOfSection": 0,
				"gfSection": false,
				"altAnim": false,
				"mustHitSection": true,
				"changeBPM": false,
				"bpm": 144
			},
			{
				"sectionBeats": 4,
				"sectionNotes": [
					[
						76875,
						0,
						0
					],
					[
						77083.3333333333,
						2,
						0
					],
					[
						77187.5,
						2,
						0
					],
					[
						77291.6666666666,
						3,
						0
					],
					[
						77500,
						1,
						0
					],
					[
						76666.6666666666,
						2,
						0
					],
					[
						76666.6666666666,
						6,
						312.5
					],
					[
						77291.6666666666,
						4,
						312.5
					],
					[
						77604.1666666666,
						3,
						0
					],
					[
						77708.3333333333,
						2,
						0
					],
					[
						77812.5,
						0,
						0
					],
					[
						77916.6666666666,
						2,
						0
					],
					[
						78020.8333333333,
						1,
						0
					],
					[
						78125,
						3,
						0
					],
					[
						78229.1666666666,
						2,
						0
					]
				],
				"typeOfSection": 0,
				"gfSection": false,
				"altAnim": false,
				"mustHitSection": false,
				"changeBPM": false,
				"bpm": 144
			},
			{
				"sectionBeats": 4,
				"sectionNotes": [
					[
						78333.3333333333,
						1,
						0
					],
					[
						78437.5,
						3,
						0
					],
					[
						78541.6666666666,
						2,
						0
					],
					[
						78645.8333333333,
						0,
						0
					],
					[
						78750,
						3,
						0
					],
					[
						78854.1666666666,
						1,
						0
					],
					[
						78958.3333333333,
						3,
						0
					],
					[
						79062.5,
						2,
						0
					],
					[
						79166.6666666666,
						0,
						104.166666666667
					],
					[
						79375,
						1,
						104.166666666667
					],
					[
						79583.3333333333,
						2,
						312.5
					],
					[
						78750,
						4,
						312.5
					],
					[
						79166.6666666666,
						7,
						312.5
					],
					[
						79583.3333333333,
						6,
						312.5
					],
					[
						78333.3333333333,
						5,
						312.5
					]
				],
				"typeOfSection": 0,
				"gfSection": false,
				"altAnim": false,
				"mustHitSection": false,
				"changeBPM": false,
				"bpm": 144
			},
			{
				"sectionBeats": 4,
				"sectionNotes": [
					[
						80000,
						1,
						0
					],
					[
						80104.1666666667,
						0,
						0
					],
					[
						80208.3333333333,
						3,
						0
					],
					[
						80312.5,
						2,
						0
					],
					[
						80416.6666666667,
						1,
						0
					],
					[
						80520.8333333333,
						3,
						0
					],
					[
						80625,
						0,
						0
					],
					[
						80729.1666666667,
						2,
						0
					],
					[
						80833.3333333333,
						1,
						0
					],
					[
						80937.5,
						3,
						0
					],
					[
						81041.6666666667,
						2,
						0
					],
					[
						81145.8333333333,
						1,
						0
					],
					[
						81250,
						3,
						104.166666666667
					],
					[
						81458.3333333333,
						0,
						104.166666666667
					],
					[
						80000,
						5,
						312.5
					],
					[
						80625,
						6,
						312.5
					],
					[
						81250,
						7,
						312.5
					]
				],
				"typeOfSection": 0,
				"gfSection": true,
				"altAnim": false,
				"mustHitSection": true,
				"changeBPM": false,
				"bpm": 144
			},
			{
				"sectionBeats": 4,
				"sectionNotes": [
					[
						81666.6666666667,
						2,
						0
					],
					[
						81979.1666666667,
						2,
						0
					],
					[
						82291.6666666667,
						0,
						0
					],
					[
						82500,
						1,
						0
					],
					[
						82604.1666666667,
						3,
						0
					],
					[
						82708.3333333333,
						0,
						0
					],
					[
						82812.5,
						2,
						0
					],
					[
						82916.6666666667,
						1,
						0
					],
					[
						83020.8333333333,
						3,
						0
					],
					[
						83125,
						2,
						0
					],
					[
						83229.1666666667,
						0,
						0
					],
					[
						81666.6666666667,
						4,
						312.5
					],
					[
						82916.6666666667,
						5,
						312.5
					],
					[
						82291.6666666667,
						6,
						312.5
					]
				],
				"typeOfSection": 0,
				"gfSection": true,
				"altAnim": false,
				"mustHitSection": true,
				"changeBPM": false,
				"bpm": 144
			},
			{
				"sectionBeats": 4,
				"sectionNotes": [
					[
						83333.3333333333,
						6,
						312.5
					],
					[
						83958.3333333333,
						4,
						312.5
					],
					[
						84583.3333333333,
						5,
						312.5
					],
					[
						83333.3333333333,
						1,
						0
					],
					[
						83437.5,
						3,
						0
					],
					[
						83541.6666666667,
						2,
						0
					],
					[
						83645.8333333333,
						0,
						0
					],
					[
						83750,
						3,
						0
					],
					[
						83854.1666666667,
						1,
						0
					],
					[
						83958.3333333333,
						3,
						0
					],
					[
						84062.5,
						2,
						0
					],
					[
						84166.6666666667,
						0,
						0
					],
					[
						84270.8333333333,
						1,
						0
					],
					[
						84375,
						3,
						0
					],
					[
						84479.1666666667,
						2,
						0
					],
					[
						84583.3333333333,
						1,
						104.166666666667
					],
					[
						84791.6666666667,
						3,
						104.166666666667
					]
				],
				"typeOfSection": 0,
				"gfSection": false,
				"altAnim": false,
				"mustHitSection": true,
				"changeBPM": false,
				"bpm": 144
			},
			{
				"sectionBeats": 4,
				"sectionNotes": [
					[
						85000,
						6,
						312.5
					],
					[
						85625,
						7,
						312.5
					],
					[
						86250,
						4,
						312.5
					],
					[
						85000,
						0,
						0
					],
					[
						85104.1666666667,
						1,
						0
					],
					[
						85208.3333333333,
						3,
						0
					],
					[
						85312.5,
						2,
						0
					],
					[
						85416.6666666667,
						0,
						0
					],
					[
						85520.8333333333,
						3,
						0
					],
					[
						85625,
						1,
						0
					],
					[
						85729.1666666667,
						2,
						0
					],
					[
						85833.3333333333,
						0,
						104.166666666667
					],
					[
						86041.6666666667,
						1,
						0
					],
					[
						86250,
						2,
						312.5
					]
				],
				"typeOfSection": 0,
				"gfSection": false,
				"altAnim": false,
				"mustHitSection": true,
				"changeBPM": false,
				"bpm": 144
			},
			{
				"sectionBeats": 4,
				"sectionNotes": [
					[
						86666.6666666667,
						5,
						0
					],
					[
						86770.8333333333,
						4,
						0
					],
					[
						86875,
						7,
						0
					],
					[
						86979.1666666667,
						6,
						0
					],
					[
						87083.3333333333,
						5,
						0
					],
					[
						87187.5,
						7,
						0
					],
					[
						87291.6666666667,
						4,
						0
					],
					[
						87395.8333333333,
						6,
						0
					],
					[
						87500,
						5,
						0
					],
					[
						87604.1666666667,
						7,
						0
					],
					[
						87708.3333333333,
						6,
						0
					],
					[
						87812.5,
						5,
						0
					],
					[
						87916.6666666667,
						7,
						104.166666666667
					],
					[
						88125,
						4,
						104.166666666667
					],
					[
						86666.6666666667,
						1,
						312.5
					],
					[
						87291.6666666667,
						2,
						312.5
					],
					[
						87916.6666666667,
						3,
						312.5
					]
				],
				"typeOfSection": 0,
				"gfSection": true,
				"altAnim": false,
				"mustHitSection": true,
				"changeBPM": false,
				"bpm": 144
			},
			{
				"sectionBeats": 4,
				"sectionNotes": [
					[
						88333.3333333333,
						6,
						0
					],
					[
						88645.8333333333,
						6,
						0
					],
					[
						88958.3333333333,
						4,
						0
					],
					[
						89166.6666666667,
						5,
						0
					],
					[
						89270.8333333333,
						7,
						0
					],
					[
						89375,
						4,
						0
					],
					[
						89479.1666666667,
						6,
						0
					],
					[
						89583.3333333333,
						5,
						0
					],
					[
						89687.5,
						7,
						0
					],
					[
						89791.6666666667,
						6,
						0
					],
					[
						89895.8333333333,
						4,
						0
					],
					[
						88333.3333333333,
						0,
						312.5
					],
					[
						89583.3333333333,
						1,
						312.5
					],
					[
						88958.3333333333,
						2,
						312.5
					]
				],
				"typeOfSection": 0,
				"gfSection": true,
				"altAnim": false,
				"mustHitSection": true,
				"changeBPM": false,
				"bpm": 144
			},
			{
				"sectionBeats": 4,
				"sectionNotes": [
					[
						90000,
						6,
						312.5
					],
					[
						90625,
						4,
						312.5
					],
					[
						91250,
						5,
						312.5
					],
					[
						90000,
						1,
						0
					],
					[
						90104.1666666667,
						3,
						0
					],
					[
						90208.3333333333,
						2,
						0
					],
					[
						90312.5,
						0,
						0
					],
					[
						90416.6666666667,
						3,
						0
					],
					[
						90520.8333333333,
						1,
						0
					],
					[
						90625,
						3,
						0
					],
					[
						90729.1666666667,
						2,
						0
					],
					[
						90833.3333333333,
						0,
						0
					],
					[
						90937.5,
						1,
						0
					],
					[
						91041.6666666667,
						3,
						0
					],
					[
						91145.8333333333,
						2,
						0
					],
					[
						91250,
						1,
						104.166666666667
					],
					[
						91458.3333333333,
						3,
						104.166666666667
					]
				],
				"typeOfSection": 0,
				"gfSection": false,
				"altAnim": false,
				"mustHitSection": false,
				"changeBPM": false,
				"bpm": 144
			},
			{
				"sectionBeats": 4,
				"sectionNotes": [
					[
						91666.6666666667,
						6,
						312.5
					],
					[
						92291.6666666667,
						7,
						312.5
					],
					[
						92916.6666666667,
						4,
						312.5
					],
					[
						91666.6666666667,
						0,
						0
					],
					[
						91770.8333333334,
						1,
						0
					],
					[
						91875,
						3,
						0
					],
					[
						91979.1666666667,
						2,
						0
					],
					[
						92083.3333333334,
						0,
						0
					],
					[
						92187.5,
						3,
						0
					],
					[
						92291.6666666667,
						1,
						0
					],
					[
						92395.8333333334,
						2,
						0
					],
					[
						92500,
						0,
						104.166666666667
					],
					[
						92708.3333333334,
						1,
						0
					],
					[
						92916.6666666667,
						2,
						312.5
					]
				],
				"typeOfSection": 0,
				"gfSection": false,
				"altAnim": false,
				"mustHitSection": false,
				"changeBPM": false,
				"bpm": 144
			},
			{
				"sectionBeats": 4,
				"sectionNotes": [
					[
						93333.3333333334,
						1,
						312.5
					],
					[
						93750,
						0,
						0
					],
					[
						93854.1666666667,
						3,
						0
					],
					[
						93958.3333333334,
						1,
						0
					],
					[
						94062.5,
						2,
						0
					],
					[
						94166.6666666667,
						0,
						0
					],
					[
						94270.8333333334,
						3,
						0
					],
					[
						94375,
						1,
						0
					],
					[
						93333.3333333334,
						7,
						312.5
					],
					[
						94166.6666666667,
						4,
						312.5
					],
					[
						94583.3333333334,
						5,
						312.5
					],
					[
						94479.1666666667,
						2,
						0
					],
					[
						94583.3333333334,
						3,
						0
					],
					[
						94791.6666666667,
						1,
						0
					]
				],
				"typeOfSection": 0,
				"gfSection": true,
				"altAnim": false,
				"mustHitSection": true,
				"changeBPM": false,
				"bpm": 144
			},
			{
				"sectionBeats": 4,
				"sectionNotes": [
					[
						95000,
						2,
						0
					],
					[
						95208.3333333334,
						0,
						0
					],
					[
						95520.8333333334,
						2,
						0
					],
					[
						95416.6666666667,
						2,
						0
					],
					[
						95625,
						0,
						0
					],
					[
						95729.1666666667,
						0,
						0
					],
					[
						95833.3333333334,
						1,
						312.5
					],
					[
						95000,
						6,
						312.5
					],
					[
						95833.3333333334,
						7,
						312.5
					],
					[
						96250,
						3,
						312.5
					]
				],
				"typeOfSection": 0,
				"gfSection": true,
				"altAnim": false,
				"mustHitSection": true,
				"changeBPM": false,
				"bpm": 144
			},
			{
				"sectionBeats": 4,
				"sectionNotes": [
					[
						96666.6666666667,
						2,
						0
					],
					[
						96770.8333333334,
						0,
						0
					],
					[
						96875,
						3,
						0
					],
					[
						96979.1666666667,
						1,
						0
					],
					[
						97083.3333333334,
						3,
						0
					],
					[
						97187.5,
						2,
						0
					],
					[
						97291.6666666667,
						0,
						0
					],
					[
						97395.8333333334,
						2,
						0
					],
					[
						97500,
						1,
						0
					],
					[
						97604.1666666667,
						0,
						0
					],
					[
						97708.3333333334,
						3,
						0
					],
					[
						97812.5,
						2,
						0
					],
					[
						97916.6666666667,
						0,
						0
					],
					[
						98020.8333333334,
						2,
						0
					],
					[
						98125,
						1,
						0
					],
					[
						98229.1666666667,
						3,
						0
					],
					[
						96666.6666666667,
						5,
						312.5
					],
					[
						97500,
						4,
						312.5
					]
				],
				"typeOfSection": 0,
				"gfSection": true,
				"altAnim": false,
				"mustHitSection": true,
				"changeBPM": false,
				"bpm": 144
			},
			{
				"sectionBeats": 4,
				"sectionNotes": [
					[
						98333.3333333334,
						2,
						0
					],
					[
						98541.6666666667,
						2,
						0
					],
					[
						98750.0000000001,
						0,
						312.5
					],
					[
						99166.6666666667,
						1,
						312.5
					],
					[
						99583.3333333334,
						2,
						312.5
					],
					[
						98333.3333333334,
						6,
						312.5
					],
					[
						99166.6666666667,
						7,
						312.5
					]
				],
				"typeOfSection": 0,
				"gfSection": true,
				"altAnim": false,
				"mustHitSection": true,
				"changeBPM": false,
				"bpm": 144
			},
			{
				"sectionBeats": 4,
				"sectionNotes": [
					[
						100000,
						5,
						312.5
					],
					[
						100416.666666667,
						4,
						0
					],
					[
						100520.833333333,
						7,
						0
					],
					[
						100625,
						5,
						0
					],
					[
						100729.166666667,
						6,
						0
					],
					[
						100833.333333333,
						4,
						0
					],
					[
						100937.5,
						7,
						0
					],
					[
						101041.666666667,
						5,
						0
					],
					[
						100000,
						3,
						312.5
					],
					[
						100833.333333333,
						0,
						312.5
					],
					[
						101250,
						1,
						312.5
					],
					[
						101145.833333333,
						6,
						0
					],
					[
						101250,
						7,
						0
					],
					[
						101458.333333333,
						5,
						0
					]
				],
				"typeOfSection": 0,
				"gfSection": true,
				"altAnim": false,
				"mustHitSection": true,
				"changeBPM": false,
				"bpm": 144
			},
			{
				"sectionBeats": 4,
				"sectionNotes": [
					[
						101666.666666667,
						6,
						0
					],
					[
						101875,
						4,
						0
					],
					[
						102187.5,
						6,
						0
					],
					[
						102083.333333333,
						6,
						0
					],
					[
						102291.666666667,
						4,
						0
					],
					[
						102395.833333333,
						4,
						0
					],
					[
						102500,
						5,
						312.5
					],
					[
						101666.666666667,
						2,
						312.5
					],
					[
						102500,
						3,
						312.5
					],
					[
						102916.666666667,
						7,
						312.5
					]
				],
				"typeOfSection": 0,
				"gfSection": true,
				"altAnim": false,
				"mustHitSection": true,
				"changeBPM": false,
				"bpm": 144
			},
			{
				"sectionBeats": 4,
				"sectionNotes": [
					[
						103333.333333333,
						6,
						0
					],
					[
						103437.5,
						4,
						0
					],
					[
						103541.666666667,
						7,
						0
					],
					[
						103645.833333333,
						5,
						0
					],
					[
						103750,
						7,
						0
					],
					[
						103854.166666667,
						6,
						0
					],
					[
						103958.333333333,
						4,
						0
					],
					[
						104062.5,
						6,
						0
					],
					[
						104166.666666667,
						5,
						0
					],
					[
						104270.833333333,
						4,
						0
					],
					[
						104375,
						7,
						0
					],
					[
						104479.166666667,
						6,
						0
					],
					[
						104583.333333333,
						4,
						0
					],
					[
						104687.5,
						6,
						0
					],
					[
						104791.666666667,
						5,
						0
					],
					[
						104895.833333333,
						7,
						0
					],
					[
						103333.333333333,
						1,
						312.5
					],
					[
						104166.666666667,
						0,
						312.5
					]
				],
				"typeOfSection": 0,
				"gfSection": true,
				"altAnim": false,
				"mustHitSection": true,
				"changeBPM": false,
				"bpm": 144
			},
			{
				"sectionBeats": 4,
				"sectionNotes": [
					[
						105000,
						6,
						0
					],
					[
						105208.333333333,
						6,
						0
					],
					[
						105416.666666667,
						4,
						312.5
					],
					[
						105833.333333333,
						5,
						312.5
					],
					[
						106250,
						6,
						312.5
					],
					[
						105000,
						2,
						312.5
					],
					[
						105833.333333333,
						3,
						312.5
					]
				],
				"typeOfSection": 0,
				"gfSection": true,
				"altAnim": false,
				"mustHitSection": true,
				"changeBPM": false,
				"bpm": 144
			},
			{
				"sectionBeats": 4,
				"sectionNotes": [
					[
						106666.666666667,
						5,
						312.5
					],
					[
						107291.666666667,
						5,
						312.5
					],
					[
						107916.666666667,
						6,
						312.5
					],
					[
						106666.666666667,
						2,
						0
					],
					[
						106770.833333333,
						3,
						0
					],
					[
						106875,
						0,
						0
					],
					[
						106979.166666667,
						1,
						0
					],
					[
						107083.333333333,
						3,
						0
					],
					[
						107187.5,
						1,
						0
					],
					[
						107291.666666667,
						3,
						0
					],
					[
						107395.833333333,
						0,
						0
					],
					[
						107500,
						2,
						0
					],
					[
						107708.333333333,
						2,
						0
					],
					[
						107916.666666667,
						1,
						312.5
					]
				],
				"typeOfSection": 0,
				"gfSection": false,
				"altAnim": false,
				"mustHitSection": true,
				"changeBPM": false,
				"bpm": 144
			},
			{
				"sectionBeats": 4,
				"sectionNotes": [
					[
						108437.5,
						3,
						0
					],
					[
						108750,
						0,
						0
					],
					[
						108958.333333333,
						1,
						0
					],
					[
						108541.666666667,
						2,
						104.166666666667
					],
					[
						109166.666666667,
						3,
						312.5
					],
					[
						109583.333333333,
						2,
						312.5
					],
					[
						108333.333333333,
						3,
						0
					],
					[
						108333.333333333,
						4,
						312.5
					],
					[
						108958.333333333,
						5,
						312.5
					],
					[
						109583.333333333,
						7,
						312.5
					]
				],
				"typeOfSection": 0,
				"gfSection": false,
				"altAnim": false,
				"mustHitSection": true,
				"changeBPM": false,
				"bpm": 144
			},
			{
				"sectionBeats": 4,
				"sectionNotes": [
					[
						110000,
						1,
						0
					],
					[
						110104.166666667,
						3,
						0
					],
					[
						110208.333333333,
						0,
						0
					],
					[
						110312.5,
						2,
						0
					],
					[
						110416.666666667,
						1,
						0
					],
					[
						110625,
						0,
						0
					],
					[
						110833.333333333,
						2,
						0
					],
					[
						111041.666666667,
						3,
						0
					],
					[
						111250,
						1,
						0
					],
					[
						110000,
						6,
						312.5
					],
					[
						111250,
						5,
						312.5
					],
					[
						111458.333333333,
						2,
						0
					],
					[
						111354.166666667,
						3,
						0
					],
					[
						111562.5,
						0,
						0
					],
					[
						110416.666666667,
						4,
						312.5
					],
					[
						110833.333333333,
						7,
						104.166666666667
					]
				],
				"typeOfSection": 0,
				"gfSection": false,
				"altAnim": false,
				"mustHitSection": true,
				"changeBPM": false,
				"bpm": 144
			},
			{
				"sectionBeats": 4,
				"sectionNotes": [
					[
						111666.666666667,
						6,
						312.5
					],
					[
						112291.666666667,
						7,
						0
					],
					[
						112500,
						4,
						312.5
					],
					[
						112916.666666667,
						5,
						312.5
					],
					[
						111875,
						0,
						0
					],
					[
						111666.666666667,
						2,
						0
					],
					[
						112083.333333333,
						1,
						0
					],
					[
						112187.5,
						3,
						0
					],
					[
						112291.666666667,
						1,
						0
					],
					[
						112395.833333333,
						2,
						0
					],
					[
						112708.333333333,
						2,
						0
					],
					[
						112916.666666667,
						1,
						0
					],
					[
						112500,
						0,
						104.166666666667
					],
					[
						113125,
						3,
						0
					]
				],
				"typeOfSection": 0,
				"gfSection": false,
				"altAnim": false,
				"mustHitSection": true,
				"changeBPM": false,
				"bpm": 144
			},
			{
				"sectionBeats": 4,
				"sectionNotes": [
					[
						113333.333333333,
						5,
						312.5
					],
					[
						113958.333333333,
						5,
						312.5
					],
					[
						114583.333333333,
						6,
						312.5
					],
					[
						113333.333333333,
						2,
						0
					],
					[
						113437.5,
						3,
						0
					],
					[
						113541.666666667,
						0,
						0
					],
					[
						113645.833333333,
						1,
						0
					],
					[
						113750,
						3,
						0
					],
					[
						113854.166666667,
						1,
						0
					],
					[
						113958.333333333,
						3,
						0
					],
					[
						114062.5,
						0,
						0
					],
					[
						114166.666666667,
						2,
						0
					],
					[
						114375,
						2,
						0
					],
					[
						114583.333333333,
						1,
						312.5
					]
				],
				"typeOfSection": 0,
				"gfSection": false,
				"altAnim": false,
				"mustHitSection": false,
				"changeBPM": false,
				"bpm": 144
			},
			{
				"sectionBeats": 4,
				"sectionNotes": [
					[
						115104.166666667,
						3,
						0
					],
					[
						115416.666666667,
						0,
						0
					],
					[
						115625,
						1,
						0
					],
					[
						115208.333333333,
						2,
						104.166666666667
					],
					[
						115833.333333333,
						3,
						312.5
					],
					[
						116250,
						2,
						312.5
					],
					[
						115000,
						3,
						0
					],
					[
						115000,
						4,
						312.5
					],
					[
						115625,
						5,
						312.5
					],
					[
						116250,
						7,
						312.5
					]
				],
				"typeOfSection": 0,
				"gfSection": false,
				"altAnim": false,
				"mustHitSection": false,
				"changeBPM": false,
				"bpm": 144
			},
			{
				"sectionBeats": 4,
				"sectionNotes": [
					[
						116666.666666667,
						1,
						0
					],
					[
						116770.833333333,
						3,
						0
					],
					[
						116875,
						0,
						0
					],
					[
						116979.166666667,
						2,
						0
					],
					[
						117083.333333333,
						1,
						0
					],
					[
						117291.666666667,
						0,
						0
					],
					[
						117500,
						2,
						0
					],
					[
						117708.333333333,
						3,
						0
					],
					[
						117916.666666667,
						1,
						0
					],
					[
						116666.666666667,
						6,
						312.5
					],
					[
						117916.666666667,
						5,
						312.5
					],
					[
						118125,
						2,
						0
					],
					[
						118020.833333333,
						3,
						0
					],
					[
						118229.166666667,
						0,
						0
					],
					[
						117083.333333333,
						4,
						312.5
					],
					[
						117500,
						7,
						104.166666666667
					],
					[
						116666.666666667,
						1,
						0
					],
					[
						116770.833333333,
						3,
						0
					],
					[
						116875,
						0,
						0
					],
					[
						116979.166666667,
						2,
						0
					],
					[
						117083.333333333,
						1,
						0
					],
					[
						117291.666666667,
						0,
						0
					],
					[
						117500,
						2,
						0
					],
					[
						117708.333333333,
						3,
						0
					],
					[
						117916.666666667,
						1,
						0
					],
					[
						116666.666666667,
						6,
						312.5
					],
					[
						117916.666666667,
						5,
						312.5
					],
					[
						118125,
						2,
						0
					],
					[
						118020.833333333,
						3,
						0
					],
					[
						118229.166666667,
						0,
						0
					],
					[
						117083.333333333,
						4,
						312.5
					],
					[
						117500,
						7,
						104.166666666667
					]
				],
				"typeOfSection": 0,
				"gfSection": false,
				"altAnim": false,
				"mustHitSection": false,
				"changeBPM": false,
				"bpm": 144
			},
			{
				"sectionBeats": 4,
				"sectionNotes": [
					[
						118333.333333333,
						6,
						312.5
					],
					[
						118958.333333333,
						7,
						0
					],
					[
						119166.666666667,
						4,
						312.5
					],
					[
						119583.333333333,
						5,
						312.5
					],
					[
						118541.666666667,
						0,
						0
					],
					[
						118333.333333333,
						2,
						0
					],
					[
						118750,
						1,
						0
					],
					[
						118854.166666667,
						3,
						0
					],
					[
						118958.333333333,
						1,
						0
					],
					[
						119062.5,
						2,
						0
					],
					[
						119375,
						2,
						0
					],
					[
						119583.333333333,
						1,
						0
					],
					[
						119166.666666667,
						0,
						104.166666666667
					],
					[
						119791.666666667,
						3,
						0
					]
				],
				"typeOfSection": 0,
				"gfSection": false,
				"altAnim": false,
				"mustHitSection": false,
				"changeBPM": false,
				"bpm": 144
			},
			{
				"sectionBeats": 4,
				"sectionNotes": [
					[
						120000,
						2,
						937.5
					],
					[
						121041.666666667,
						0,
						0
					],
					[
						121250,
						3,
						0
					],
					[
						121458.333333333,
						1,
						0
					]
				],
				"typeOfSection": 0,
				"gfSection": false,
				"altAnim": false,
				"mustHitSection": false,
				"changeBPM": false,
				"bpm": 144
			},
			{
				"sectionBeats": 4,
				"sectionNotes": [
					[
						121666.666666667,
						2,
						312.5
					],
					[
						122083.333333333,
						3,
						312.5
					],
					[
						122500,
						0,
						312.5
					],
					[
						122916.666666667,
						2,
						312.5
					]
				],
				"typeOfSection": 0,
				"gfSection": false,
				"altAnim": false,
				"mustHitSection": false,
				"changeBPM": false,
				"bpm": 144
			},
			{
				"sectionBeats": 4,
				"sectionNotes": [
					[
						123333.333333333,
						1,
						0
					],
					[
						123750,
						1,
						0
					],
					[
						123958.333333333,
						1,
						0
					],
					[
						124166.666666667,
						3,
						312.5
					],
					[
						124583.333333333,
						2,
						312.5
					]
				],
				"typeOfSection": 0,
				"gfSection": false,
				"altAnim": false,
				"mustHitSection": false,
				"changeBPM": false,
				"bpm": 144
			},
			{
				"sectionBeats": 4,
				"sectionNotes": [
					[
						125000,
						0,
						312.5
					],
					[
						125416.666666667,
						3,
						104.166666666667
					],
					[
						125625,
						1,
						312.5
					],
					[
						126041.666666667,
						2,
						104.166666666667
					],
					[
						126250,
						3,
						312.5
					]
				],
				"typeOfSection": 0,
				"gfSection": false,
				"altAnim": false,
				"mustHitSection": false,
				"changeBPM": false,
				"bpm": 144
			},
			{
				"sectionBeats": 4,
				"sectionNotes": [
					[
						126666.666666667,
						2,
						312.5
					],
					[
						127083.333333333,
						0,
						0
					],
					[
						127291.666666667,
						3,
						0
					],
					[
						128125,
						1,
						0
					],
					[
						127812.5,
						2,
						0
					],
					[
						127500,
						1,
						0
					]
				],
				"typeOfSection": 0,
				"gfSection": false,
				"altAnim": false,
				"mustHitSection": false,
				"changeBPM": false,
				"bpm": 144
			},
			{
				"sectionBeats": 4,
				"sectionNotes": [
					[
						128541.666666667,
						1,
						0
					],
					[
						128750,
						2,
						0
					],
					[
						128958.333333333,
						3,
						0
					],
					[
						129166.666666667,
						0,
						312.5
					],
					[
						129583.333333333,
						1,
						312.5
					]
				],
				"typeOfSection": 0,
				"gfSection": false,
				"altAnim": false,
				"mustHitSection": false,
				"changeBPM": false,
				"bpm": 144
			},
			{
				"sectionBeats": 4,
				"sectionNotes": [
					[
						130000,
						2,
						312.5
					],
					[
						130416.666666667,
						3,
						0
					],
					[
						130625,
						0,
						0
					],
					[
						130833.333333333,
						1,
						312.5
					],
					[
						131458.333333333,
						2,
						0
					],
					[
						131562.5,
						3,
						0
					]
				],
				"typeOfSection": 0,
				"gfSection": false,
				"altAnim": false,
				"mustHitSection": false,
				"changeBPM": false,
				"bpm": 144
			},
			{
				"sectionBeats": 4,
				"sectionNotes": [
					[
						131875,
						0,
						0
					],
					[
						131979.166666667,
						2,
						0
					],
					[
						132291.666666667,
						3,
						0
					],
					[
						132083.333333333,
						1,
						104.166666666667
					],
					[
						131666.666666667,
						2,
						0
					],
					[
						132500,
						2,
						312.5
					],
					[
						132916.666666667,
						0,
						104.166666666667
					]
				],
				"typeOfSection": 0,
				"gfSection": false,
				"altAnim": false,
				"mustHitSection": false,
				"changeBPM": false,
				"bpm": 144
			},
			{
				"sectionBeats": 4,
				"sectionNotes": [
					[
						133333.333333333,
						1,
						937.5
					],
					[
						134375,
						3,
						0
					],
					[
						134583.333333333,
						0,
						0
					],
					[
						134791.666666667,
						2,
						0
					],
					[
						133333.333333333,
						6,
						937.5
					],
					[
						134375,
						4,
						0
					],
					[
						134583.333333333,
						7,
						0
					],
					[
						134791.666666667,
						5,
						0
					]
				],
				"typeOfSection": 0,
				"gfSection": true,
				"altAnim": false,
				"mustHitSection": true,
				"changeBPM": false,
				"bpm": 144
			},
			{
				"sectionBeats": 4,
				"sectionNotes": [
					[
						135000,
						1,
						312.5
					],
					[
						135416.666666667,
						0,
						312.5
					],
					[
						135833.333333333,
						3,
						312.5
					],
					[
						136250,
						1,
						312.5
					],
					[
						135000,
						6,
						312.5
					],
					[
						135416.666666667,
						7,
						312.5
					],
					[
						135833.333333333,
						4,
						312.5
					],
					[
						136250,
						6,
						312.5
					]
				],
				"typeOfSection": 0,
				"gfSection": true,
				"altAnim": false,
				"mustHitSection": true,
				"changeBPM": false,
				"bpm": 144
			},
			{
				"sectionBeats": 4,
				"sectionNotes": [
					[
						136666.666666667,
						2,
						0
					],
					[
						137083.333333333,
						2,
						0
					],
					[
						137291.666666667,
						2,
						0
					],
					[
						137500,
						0,
						312.5
					],
					[
						137916.666666667,
						1,
						312.5
					],
					[
						136666.666666667,
						5,
						0
					],
					[
						137083.333333333,
						5,
						0
					],
					[
						137291.666666667,
						5,
						0
					],
					[
						137500,
						7,
						312.5
					],
					[
						137916.666666667,
						6,
						312.5
					]
				],
				"typeOfSection": 0,
				"gfSection": true,
				"altAnim": false,
				"mustHitSection": true,
				"changeBPM": false,
				"bpm": 144
			},
			{
				"sectionBeats": 4,
				"sectionNotes": [
					[
						138333.333333333,
						3,
						312.5
					],
					[
						138750,
						0,
						104.166666666667
					],
					[
						138958.333333333,
						2,
						312.5
					],
					[
						139375,
						1,
						104.166666666667
					],
					[
						139583.333333333,
						0,
						312.5
					],
					[
						138333.333333333,
						4,
						312.5
					],
					[
						138750,
						7,
						104.166666666667
					],
					[
						138958.333333333,
						5,
						312.5
					],
					[
						139375,
						6,
						104.166666666667
					],
					[
						139583.333333333,
						7,
						312.5
					]
				],
				"typeOfSection": 0,
				"gfSection": true,
				"altAnim": false,
				"mustHitSection": true,
				"changeBPM": false,
				"bpm": 144
			},
			{
				"sectionBeats": 4,
				"sectionNotes": [
					[
						140000,
						1,
						312.5
					],
					[
						140416.666666667,
						3,
						0
					],
					[
						140625,
						0,
						0
					],
					[
						141458.333333333,
						2,
						0
					],
					[
						141145.833333333,
						1,
						0
					],
					[
						140833.333333333,
						2,
						0
					],
					[
						140000,
						6,
						312.5
					],
					[
						140416.666666667,
						4,
						0
					],
					[
						140625,
						7,
						0
					],
					[
						141458.333333333,
						5,
						0
					],
					[
						141145.833333333,
						6,
						0
					],
					[
						140833.333333333,
						5,
						0
					]
				],
				"typeOfSection": 0,
				"gfSection": false,
				"altAnim": false,
				"mustHitSection": false,
				"changeBPM": false,
				"bpm": 144
			},
			{
				"sectionBeats": 4,
				"sectionNotes": [
					[
						141875,
						2,
						0
					],
					[
						142083.333333333,
						1,
						0
					],
					[
						142291.666666667,
						0,
						0
					],
					[
						142500,
						3,
						312.5
					],
					[
						142916.666666667,
						2,
						312.5
					],
					[
						141875,
						5,
						0
					],
					[
						142083.333333333,
						6,
						0
					],
					[
						142291.666666667,
						7,
						0
					],
					[
						142500,
						4,
						312.5
					],
					[
						142916.666666667,
						5,
						312.5
					]
				],
				"typeOfSection": 0,
				"gfSection": false,
				"altAnim": false,
				"mustHitSection": false,
				"changeBPM": false,
				"bpm": 144
			},
			{
				"sectionBeats": 4,
				"sectionNotes": [
					[
						143333.333333333,
						1,
						312.5
					],
					[
						143750,
						0,
						0
					],
					[
						143958.333333333,
						3,
						0
					],
					[
						144166.666666667,
						2,
						312.5
					],
					[
						144791.666666667,
						1,
						0
					],
					[
						144895.833333333,
						0,
						0
					],
					[
						143333.333333333,
						6,
						312.5
					],
					[
						143750,
						7,
						0
					],
					[
						143958.333333333,
						4,
						0
					],
					[
						144166.666666667,
						5,
						312.5
					],
					[
						144791.666666667,
						6,
						0
					],
					[
						144895.833333333,
						7,
						0
					]
				],
				"typeOfSection": 0,
				"gfSection": false,
				"altAnim": false,
				"mustHitSection": false,
				"changeBPM": false,
				"bpm": 144
			},
			{
				"sectionBeats": 4,
				"sectionNotes": [
					[
						145208.333333333,
						3,
						0
					],
					[
						145312.5,
						1,
						0
					],
					[
						145625,
						0,
						0
					],
					[
						145416.666666667,
						2,
						104.166666666667
					],
					[
						145000,
						1,
						0
					],
					[
						145833.333333333,
						1,
						312.5
					],
					[
						146250,
						3,
						104.166666666667
					],
					[
						145208.333333333,
						4,
						0
					],
					[
						145312.5,
						6,
						0
					],
					[
						145625,
						7,
						0
					],
					[
						145416.666666667,
						5,
						104.166666666667
					],
					[
						145000,
						6,
						0
					],
					[
						145833.333333333,
						6,
						312.5
					],
					[
						146250,
						4,
						104.166666666667
					]
				],
				"typeOfSection": 0,
				"gfSection": false,
				"altAnim": false,
				"mustHitSection": false,
				"changeBPM": false,
				"bpm": 144
			},
			{
				"sectionBeats": 4,
				"sectionNotes": [
					[
						146666.666666667,
						5,
						729.166666666667
					],
					[
						146666.666666667,
						2,
						0
					],
					[
						146770.833333333,
						3,
						0
					],
					[
						146875,
						0,
						0
					],
					[
						147500,
						7,
						729.166666666667
					],
					[
						146979.166666667,
						1,
						0
					],
					[
						147083.333333333,
						3,
						0
					],
					[
						147187.5,
						2,
						0
					],
					[
						147291.666666667,
						0,
						0
					],
					[
						147395.833333333,
						2,
						0
					],
					[
						147500,
						1,
						0
					],
					[
						147708.333333333,
						3,
						0
					],
					[
						147812.5,
						2,
						208.333333333333
					],
					[
						148125,
						0,
						104.166666666667
					]
				],
				"typeOfSection": 0,
				"gfSection": true,
				"altAnim": false,
				"mustHitSection": true,
				"changeBPM": false,
				"bpm": 144
			},
			{
				"sectionBeats": 4,
				"sectionNotes": [
					[
						148333.333333333,
						1,
						729.166666666667
					],
					[
						148333.333333333,
						6,
						0
					],
					[
						148437.5,
						7,
						0
					],
					[
						148541.666666667,
						4,
						0
					],
					[
						149166.666666667,
						3,
						729.166666666667
					],
					[
						148645.833333333,
						5,
						0
					],
					[
						148750,
						7,
						0
					],
					[
						148854.166666667,
						6,
						0
					],
					[
						148958.333333333,
						4,
						0
					],
					[
						149062.5,
						6,
						0
					],
					[
						149166.666666667,
						5,
						0
					],
					[
						149375,
						7,
						0
					],
					[
						149479.166666667,
						6,
						208.333333333333
					],
					[
						149791.666666667,
						4,
						104.166666666667
					]
				],
				"typeOfSection": 0,
				"gfSection": true,
				"altAnim": false,
				"mustHitSection": true,
				"changeBPM": false,
				"bpm": 144
			},
			{
				"sectionBeats": 4,
				"sectionNotes": [
					[
						150000,
						1,
						0
					],
					[
						150104.166666667,
						2,
						0
					],
					[
						150208.333333333,
						0,
						0
					],
					[
						150312.5,
						3,
						0
					],
					[
						150416.666666667,
						1,
						0
					],
					[
						150520.833333333,
						3,
						0
					],
					[
						150625,
						2,
						0
					],
					[
						150729.166666667,
						0,
						0
					],
					[
						150833.333333333,
						1,
						104.166666666667
					],
					[
						151041.666666667,
						3,
						0
					],
					[
						151145.833333333,
						2,
						208.333333333333
					],
					[
						151458.333333333,
						0,
						104.166666666667
					],
					[
						150833.333333333,
						7,
						729.166666666667
					],
					[
						150000,
						6,
						729.166666666667
					]
				],
				"typeOfSection": 0,
				"gfSection": false,
				"altAnim": false,
				"mustHitSection": true,
				"changeBPM": false,
				"bpm": 144
			},
			{
				"sectionBeats": 4,
				"sectionNotes": [
					[
						151666.666666667,
						1,
						0
					],
					[
						151770.833333333,
						2,
						0
					],
					[
						151875,
						0,
						0
					],
					[
						151979.166666667,
						3,
						0
					],
					[
						152083.333333333,
						1,
						0
					],
					[
						152187.5,
						3,
						0
					],
					[
						152291.666666667,
						2,
						0
					],
					[
						152395.833333333,
						0,
						0
					],
					[
						152500,
						1,
						104.166666666667
					],
					[
						152708.333333333,
						3,
						0
					],
					[
						152812.5,
						2,
						208.333333333333
					],
					[
						153125,
						0,
						104.166666666667
					],
					[
						152500,
						7,
						729.166666666667
					],
					[
						151666.666666667,
						6,
						729.166666666667
					]
				],
				"typeOfSection": 0,
				"gfSection": false,
				"altAnim": false,
				"mustHitSection": false,
				"changeBPM": false,
				"bpm": 144
			},
			{
				"sectionBeats": 4,
				"sectionNotes": [
					[
						153333.333333333,
						5,
						729.166666666667
					],
					[
						153333.333333333,
						2,
						0
					],
					[
						153437.5,
						3,
						0
					],
					[
						153541.666666667,
						0,
						0
					],
					[
						154166.666666667,
						7,
						729.166666666667
					],
					[
						153645.833333333,
						1,
						0
					],
					[
						153750,
						3,
						0
					],
					[
						153854.166666667,
						2,
						0
					],
					[
						153958.333333333,
						0,
						0
					],
					[
						154062.5,
						2,
						0
					],
					[
						154166.666666667,
						1,
						0
					],
					[
						154791.666666667,
						0,
						104.166666666667
					],
					[
						154375,
						3,
						0
					],
					[
						154270.833333333,
						0,
						0
					],
					[
						154479.166666667,
						1,
						208.333333333333
					]
				],
				"typeOfSection": 0,
				"gfSection": true,
				"altAnim": false,
				"mustHitSection": true,
				"changeBPM": false,
				"bpm": 144
			},
			{
				"sectionBeats": 4,
				"sectionNotes": [
					[
						155000,
						1,
						729.166666666667
					],
					[
						155000,
						6,
						0
					],
					[
						155104.166666667,
						7,
						0
					],
					[
						155208.333333333,
						4,
						0
					],
					[
						155833.333333333,
						3,
						729.166666666667
					],
					[
						155312.5,
						5,
						0
					],
					[
						155416.666666667,
						7,
						0
					],
					[
						155520.833333333,
						6,
						0
					],
					[
						155625,
						4,
						0
					],
					[
						155729.166666667,
						6,
						0
					],
					[
						155833.333333333,
						5,
						0
					],
					[
						156458.333333333,
						4,
						104.166666666667
					],
					[
						156041.666666667,
						7,
						0
					],
					[
						155937.5,
						4,
						0
					],
					[
						156145.833333333,
						5,
						208.333333333333
					]
				],
				"typeOfSection": 0,
				"gfSection": true,
				"altAnim": false,
				"mustHitSection": true,
				"changeBPM": false,
				"bpm": 144
			},
			{
				"sectionBeats": 4,
				"sectionNotes": [
					[
						156666.666666667,
						1,
						0
					],
					[
						156770.833333333,
						2,
						0
					],
					[
						156875,
						0,
						0
					],
					[
						156979.166666667,
						3,
						0
					],
					[
						157083.333333333,
						1,
						0
					],
					[
						157187.5,
						3,
						0
					],
					[
						157291.666666667,
						2,
						0
					],
					[
						157395.833333333,
						0,
						0
					],
					[
						157812.5,
						2,
						208.333333333333
					],
					[
						158125,
						0,
						104.166666666667
					],
					[
						157500,
						7,
						729.166666666667
					],
					[
						156666.666666667,
						6,
						729.166666666667
					],
					[
						157500,
						1,
						0
					],
					[
						157604.166666667,
						3,
						0
					],
					[
						157708.333333333,
						1,
						0
					]
				],
				"typeOfSection": 0,
				"gfSection": false,
				"altAnim": false,
				"mustHitSection": true,
				"changeBPM": false,
				"bpm": 144
			},
			{
				"sectionBeats": 4,
				"sectionNotes": [
					[
						158333.333333333,
						5,
						729.166666666667
					],
					[
						158333.333333333,
						2,
						0
					],
					[
						158437.5,
						3,
						0
					],
					[
						158541.666666667,
						0,
						0
					],
					[
						159166.666666667,
						7,
						729.166666666667
					],
					[
						158645.833333333,
						1,
						0
					],
					[
						158750,
						3,
						0
					],
					[
						158854.166666667,
						2,
						0
					],
					[
						158958.333333333,
						0,
						0
					],
					[
						159062.5,
						2,
						0
					],
					[
						159166.666666667,
						1,
						0
					],
					[
						159791.666666667,
						0,
						104.166666666667
					],
					[
						159375,
						3,
						0
					],
					[
						159270.833333333,
						0,
						0
					],
					[
						159479.166666667,
						1,
						208.333333333333
					]
				],
				"typeOfSection": 0,
				"gfSection": false,
				"altAnim": false,
				"mustHitSection": false,
				"changeBPM": false,
				"bpm": 144
			},
			{
				"sectionBeats": 4,
				"sectionNotes": [
					[
						160000,
						6,
						729.166666666667
					],
					[
						160000,
						2,
						0
					],
					[
						160104.166666667,
						3,
						0
					],
					[
						160208.333333333,
						0,
						0
					],
					[
						160312.5,
						2,
						0
					],
					[
						160416.666666667,
						3,
						0
					],
					[
						160520.833333333,
						1,
						0
					],
					[
						160625,
						0,
						0
					],
					[
						160729.166666667,
						2,
						0
					],
					[
						160833.333333333,
						5,
						0
					],
					[
						160937.5,
						4,
						0
					],
					[
						161041.666666667,
						7,
						0
					],
					[
						161145.833333333,
						6,
						0
					],
					[
						161250,
						5,
						0
					],
					[
						161354.166666667,
						7,
						0
					],
					[
						161458.333333333,
						4,
						0
					],
					[
						161562.5,
						6,
						0
					],
					[
						160833.333333333,
						0,
						729.166666666667
					]
				],
				"typeOfSection": 0,
				"gfSection": true,
				"altAnim": false,
				"mustHitSection": true,
				"changeBPM": false,
				"bpm": 144
			},
			{
				"sectionBeats": 4,
				"sectionNotes": [
					[
						161666.666666667,
						5,
						729.166666666667
					],
					[
						161666.666666667,
						1,
						0
					],
					[
						161770.833333333,
						0,
						0
					],
					[
						161875,
						3,
						0
					],
					[
						161979.166666667,
						1,
						0
					],
					[
						162083.333333333,
						0,
						0
					],
					[
						162187.5,
						2,
						0
					],
					[
						162291.666666667,
						3,
						0
					],
					[
						162395.833333333,
						1,
						0
					],
					[
						162500,
						6,
						0
					],
					[
						162604.166666667,
						7,
						0
					],
					[
						162708.333333333,
						4,
						0
					],
					[
						162812.5,
						5,
						0
					],
					[
						162916.666666667,
						6,
						0
					],
					[
						163020.833333333,
						4,
						0
					],
					[
						163125,
						7,
						0
					],
					[
						163229.166666667,
						5,
						0
					],
					[
						162500,
						3,
						729.166666666667
					]
				],
				"typeOfSection": 0,
				"gfSection": false,
				"altAnim": false,
				"mustHitSection": true,
				"changeBPM": false,
				"bpm": 144
			},
			{
				"sectionBeats": 4,
				"sectionNotes": [
					[
						163437.5,
						3,
						0
					],
					[
						163541.666666667,
						0,
						0
					],
					[
						163645.833333333,
						2,
						0
					],
					[
						163750,
						3,
						0
					],
					[
						163854.166666667,
						1,
						0
					],
					[
						163958.333333333,
						0,
						0
					],
					[
						164062.5,
						2,
						0
					],
					[
						164166.666666667,
						5,
						0
					],
					[
						164270.833333333,
						4,
						0
					],
					[
						164375,
						7,
						0
					],
					[
						164479.166666667,
						6,
						0
					],
					[
						164583.333333333,
						5,
						0
					],
					[
						164687.5,
						7,
						0
					],
					[
						164791.666666667,
						4,
						0
					],
					[
						164895.833333333,
						6,
						0
					],
					[
						163333.333333333,
						2,
						0
					],
					[
						163333.333333333,
						7,
						729.166666666667
					],
					[
						164166.666666667,
						0,
						729.166666666667
					]
				],
				"typeOfSection": 0,
				"gfSection": true,
				"altAnim": false,
				"mustHitSection": true,
				"changeBPM": false,
				"bpm": 144
			},
			{
				"sectionBeats": 4,
				"sectionNotes": [
					[
						165000,
						5,
						729.166666666667
					],
					[
						165000,
						1,
						0
					],
					[
						165104.166666667,
						0,
						0
					],
					[
						165208.333333333,
						3,
						0
					],
					[
						165312.5,
						1,
						0
					],
					[
						165416.666666667,
						0,
						0
					],
					[
						165520.833333333,
						2,
						0
					],
					[
						165625,
						3,
						0
					],
					[
						165729.166666667,
						1,
						0
					],
					[
						165833.333333333,
						6,
						0
					],
					[
						165937.5,
						7,
						0
					],
					[
						166041.666666667,
						4,
						0
					],
					[
						166145.833333333,
						5,
						0
					],
					[
						166250,
						6,
						0
					],
					[
						166354.166666667,
						4,
						0
					],
					[
						166458.333333333,
						7,
						0
					],
					[
						166562.5,
						5,
						0
					],
					[
						165833.333333333,
						2,
						729.166666666667
					]
				],
				"typeOfSection": 0,
				"gfSection": false,
				"altAnim": false,
				"mustHitSection": true,
				"changeBPM": false,
				"bpm": 144
			},
			{
				"sectionBeats": 4,
				"sectionNotes": [
					[
						167083.333333333,
						1,
						0
					],
					[
						167291.666666667,
						0,
						0
					],
					[
						167500,
						2,
						208.333333333333
					],
					[
						167812.5,
						3,
						0
					],
					[
						168125,
						2,
						0
					],
					[
						168229.166666667,
						1,
						0
					],
					[
						166666.666666667,
						6,
						1562.5
					]
				],
				"typeOfSection": 0,
				"gfSection": true,
				"altAnim": false,
				"mustHitSection": true,
				"changeBPM": false,
				"bpm": 144
			},
			{
				"sectionBeats": 4,
				"sectionNotes": [
					[
						168333.333333333,
						7,
						729.166666666667
					],
					[
						169166.666666667,
						4,
						625
					],
					[
						168541.666666667,
						3,
						0
					],
					[
						168645.833333333,
						1,
						0
					],
					[
						168333.333333333,
						0,
						104.166666666667
					],
					[
						168750,
						2,
						104.166666666667
					],
					[
						168958.333333333,
						3,
						0
					],
					[
						169166.666666667,
						1,
						312.5
					],
					[
						169583.333333333,
						2,
						0
					],
					[
						169791.666666667,
						3,
						0
					]
				],
				"typeOfSection": 0,
				"gfSection": true,
				"altAnim": false,
				"mustHitSection": true,
				"changeBPM": false,
				"bpm": 144
			},
			{
				"sectionBeats": 4,
				"sectionNotes": [
					[
						170000,
						6,
						0
					],
					[
						170208.333333333,
						4,
						0
					],
					[
						170416.666666667,
						5,
						312.5
					],
					[
						170416.666666667,
						1,
						0
					],
					[
						170625,
						0,
						0
					],
					[
						170833.333333333,
						2,
						208.333333333333
					],
					[
						171145.833333333,
						3,
						0
					],
					[
						171458.333333333,
						2,
						0
					],
					[
						171562.5,
						1,
						0
					],
					[
						170000,
						2,
						312.5
					]
				],
				"typeOfSection": 0,
				"gfSection": true,
				"altAnim": false,
				"mustHitSection": true,
				"changeBPM": false,
				"bpm": 144
			},
			{
				"sectionBeats": 4,
				"sectionNotes": [
					[
						171875,
						3,
						0
					],
					[
						171979.166666667,
						1,
						0
					],
					[
						171666.666666667,
						0,
						104.166666666667
					],
					[
						172083.333333333,
						2,
						104.166666666667
					],
					[
						172291.666666667,
						3,
						0
					],
					[
						172500,
						1,
						312.5
					],
					[
						172916.666666667,
						2,
						0
					],
					[
						173125,
						3,
						0
					],
					[
						171666.666666667,
						6,
						729.166666666667
					],
					[
						172500,
						7,
						729.166666666667
					]
				],
				"typeOfSection": 0,
				"gfSection": true,
				"altAnim": false,
				"mustHitSection": true,
				"changeBPM": false,
				"bpm": 144
			},
			{
				"sectionBeats": 4,
				"sectionNotes": [
					[
						173333.333333333,
						6,
						0
					],
					[
						173541.666666667,
						4,
						0
					],
					[
						173333.333333333,
						1,
						0
					],
					[
						173541.666666667,
						2,
						0
					],
					[
						173750,
						0,
						0
					],
					[
						173854.166666667,
						3,
						0
					],
					[
						173958.333333333,
						1,
						0
					],
					[
						174062.5,
						2,
						208.333333333333
					],
					[
						174375,
						3,
						0
					],
					[
						174583.333333333,
						0,
						0
					],
					[
						174791.666666667,
						2,
						0
					],
					[
						174895.833333333,
						1,
						208.333333333333
					],
					[
						173750,
						7,
						312.5
					]
				],
				"typeOfSection": 0,
				"gfSection": false,
				"altAnim": false,
				"mustHitSection": true,
				"changeBPM": false,
				"bpm": 144
			},
			{
				"sectionBeats": 4,
				"sectionNotes": [
					[
						175625,
						2,
						0
					],
					[
						175208.333333333,
						0,
						0
					],
					[
						175416.666666667,
						3,
						0
					],
					[
						175000,
						4,
						729.166666666667
					],
					[
						175833.333333333,
						5,
						729.166666666667
					],
					[
						175729.166666667,
						1,
						208.333333333333
					],
					[
						176041.666666667,
						0,
						104.166666666667
					],
					[
						176250,
						1,
						104.166666666667
					],
					[
						176458.333333333,
						3,
						104.166666666667
					]
				],
				"typeOfSection": 0,
				"gfSection": false,
				"altAnim": false,
				"mustHitSection": true,
				"changeBPM": false,
				"bpm": 144
			},
			{
				"sectionBeats": 4,
				"sectionNotes": [
					[
						176666.666666667,
						6,
						0
					],
					[
						176666.666666667,
						1,
						0
					],
					[
						176875,
						2,
						0
					],
					[
						177083.333333333,
						0,
						0
					],
					[
						177187.5,
						3,
						0
					],
					[
						177291.666666667,
						1,
						0
					],
					[
						177395.833333333,
						2,
						208.333333333333
					],
					[
						177708.333333333,
						3,
						0
					],
					[
						177916.666666667,
						0,
						0
					],
					[
						178125,
						2,
						0
					],
					[
						178229.166666667,
						1,
						208.333333333333
					]
				],
				"typeOfSection": 0,
				"gfSection": false,
				"altAnim": false,
				"mustHitSection": false,
				"changeBPM": false,
				"bpm": 144
			},
			{
				"sectionBeats": 4,
				"sectionNotes": [
					[
						178958.333333333,
						2,
						0
					],
					[
						178541.666666667,
						0,
						0
					],
					[
						178750,
						3,
						0
					],
					[
						178333.333333333,
						4,
						729.166666666667
					],
					[
						179166.666666667,
						5,
						729.166666666667
					],
					[
						179062.5,
						1,
						208.333333333333
					],
					[
						179375,
						0,
						104.166666666667
					],
					[
						179583.333333333,
						1,
						104.166666666667
					],
					[
						179791.666666667,
						3,
						104.166666666667
					]
				],
				"typeOfSection": 0,
				"gfSection": false,
				"altAnim": false,
				"mustHitSection": false,
				"changeBPM": false,
				"bpm": 144
			},
			{
				"sectionBeats": 4,
				"sectionNotes": [
					[
						180000,
						6,
						729.166666666667
					],
					[
						180000,
						2,
						0
					],
					[
						180104.166666667,
						3,
						0
					],
					[
						180208.333333333,
						0,
						0
					],
					[
						180312.5,
						2,
						0
					],
					[
						180416.666666667,
						3,
						0
					],
					[
						180520.833333333,
						1,
						0
					],
					[
						180625,
						0,
						0
					],
					[
						180729.166666667,
						2,
						0
					],
					[
						180833.333333333,
						5,
						0
					],
					[
						180937.5,
						4,
						0
					],
					[
						181041.666666667,
						7,
						0
					],
					[
						181145.833333333,
						6,
						0
					],
					[
						181250,
						5,
						0
					],
					[
						181354.166666667,
						7,
						0
					],
					[
						181458.333333333,
						4,
						0
					],
					[
						181562.5,
						6,
						0
					],
					[
						180833.333333333,
						0,
						729.166666666667
					]
				],
				"typeOfSection": 0,
				"gfSection": true,
				"altAnim": false,
				"mustHitSection": true,
				"changeBPM": false,
				"bpm": 144
			},
			{
				"sectionBeats": 4,
				"sectionNotes": [
					[
						181666.666666667,
						5,
						729.166666666667
					],
					[
						181666.666666667,
						1,
						0
					],
					[
						181770.833333333,
						0,
						0
					],
					[
						181875,
						3,
						0
					],
					[
						181979.166666667,
						1,
						0
					],
					[
						182083.333333333,
						0,
						0
					],
					[
						182187.5,
						2,
						0
					],
					[
						182291.666666667,
						3,
						0
					],
					[
						182395.833333333,
						1,
						0
					],
					[
						182500,
						6,
						0
					],
					[
						182604.166666667,
						7,
						0
					],
					[
						182708.333333333,
						4,
						0
					],
					[
						182812.5,
						5,
						0
					],
					[
						182916.666666667,
						6,
						0
					],
					[
						183020.833333333,
						4,
						0
					],
					[
						183125,
						7,
						0
					],
					[
						183229.166666667,
						5,
						0
					],
					[
						182500,
						3,
						729.166666666667
					]
				],
				"typeOfSection": 0,
				"gfSection": false,
				"altAnim": false,
				"mustHitSection": true,
				"changeBPM": false,
				"bpm": 144
			},
			{
				"sectionBeats": 4,
				"sectionNotes": [
					[
						183437.5,
						3,
						0
					],
					[
						183541.666666667,
						0,
						0
					],
					[
						183645.833333333,
						2,
						0
					],
					[
						183750,
						3,
						0
					],
					[
						183854.166666667,
						1,
						0
					],
					[
						183958.333333333,
						0,
						0
					],
					[
						184062.5,
						2,
						0
					],
					[
						184166.666666667,
						5,
						0
					],
					[
						184270.833333333,
						4,
						0
					],
					[
						184375,
						7,
						0
					],
					[
						184479.166666667,
						6,
						0
					],
					[
						184583.333333333,
						5,
						0
					],
					[
						184687.5,
						7,
						0
					],
					[
						184791.666666667,
						4,
						0
					],
					[
						184895.833333333,
						6,
						0
					],
					[
						183333.333333333,
						2,
						0
					],
					[
						183333.333333333,
						7,
						729.166666666667
					],
					[
						184166.666666667,
						0,
						729.166666666667
					]
				],
				"typeOfSection": 0,
				"gfSection": true,
				"altAnim": false,
				"mustHitSection": true,
				"changeBPM": false,
				"bpm": 144
			},
			{
				"sectionBeats": 4,
				"sectionNotes": [
					[
						185000,
						5,
						729.166666666667
					],
					[
						185000,
						1,
						0
					],
					[
						185104.166666667,
						0,
						0
					],
					[
						185208.333333333,
						3,
						0
					],
					[
						185312.5,
						1,
						0
					],
					[
						185416.666666667,
						0,
						0
					],
					[
						185520.833333333,
						2,
						0
					],
					[
						185625,
						3,
						0
					],
					[
						185729.166666667,
						1,
						0
					],
					[
						185833.333333333,
						6,
						0
					],
					[
						185937.5,
						7,
						0
					],
					[
						186041.666666667,
						4,
						0
					],
					[
						186145.833333333,
						5,
						0
					],
					[
						186250,
						6,
						0
					],
					[
						186354.166666667,
						4,
						0
					],
					[
						186458.333333333,
						7,
						0
					],
					[
						186562.5,
						5,
						0
					],
					[
						185833.333333333,
						2,
						729.166666666667
					]
				],
				"typeOfSection": 0,
				"gfSection": false,
				"altAnim": false,
				"mustHitSection": true,
				"changeBPM": false,
				"bpm": 144
			},
			{
				"sectionBeats": 4,
				"sectionNotes": [
					[
						186666.666666666,
						1,
						729.166666666666
					],
					[
						186666.666666666,
						6,
						729.166666666666
					]
				],
				"typeOfSection": 0,
				"gfSection": true,
				"altAnim": false,
				"mustHitSection": true,
				"changeBPM": false,
				"bpm": 144
			},
			{
				"typeOfSection": 0,
				"sectionNotes": [],
				"sectionBeats": 4,
				"altAnim": false,
				"gfSection": false,
				"bpm": 144,
				"changeBPM": false,
				"mustHitSection": true
			},
			{
				"typeOfSection": 0,
				"sectionNotes": [],
				"sectionBeats": 4,
				"altAnim": false,
				"gfSection": false,
				"bpm": 144,
				"changeBPM": false,
				"mustHitSection": true
			},
			{
				"sectionBeats": 4,
				"sectionNotes": [],
				"typeOfSection": 0,
				"gfSection": false,
				"altAnim": false,
				"mustHitSection": true,
				"changeBPM": false,
				"bpm": 144
			},
			{
				"sectionBeats": 4,
				"sectionNotes": [],
				"typeOfSection": 0,
				"gfSection": false,
				"altAnim": false,
				"mustHitSection": true,
				"changeBPM": false,
				"bpm": 144
			},
			{
				"sectionBeats": 4,
				"sectionNotes": [],
				"typeOfSection": 0,
				"gfSection": false,
				"altAnim": false,
				"mustHitSection": true,
				"changeBPM": false,
				"bpm": 144
			},
			{
				"gfSection": false,
				"altAnim": false,
				"typeOfSection": 0,
				"sectionNotes": [],
				"bpm": 144,
				"sectionBeats": 4,
				"changeBPM": false,
				"mustHitSection": true
			},
			{
				"gfSection": false,
				"altAnim": false,
				"typeOfSection": 0,
				"sectionNotes": [],
				"bpm": 144,
				"sectionBeats": 4,
				"changeBPM": false,
				"mustHitSection": true
			},
			{
				"gfSection": false,
				"altAnim": false,
				"typeOfSection": 0,
				"sectionNotes": [],
				"bpm": 144,
				"sectionBeats": 4,
				"changeBPM": false,
				"mustHitSection": true
			},
			{
				"gfSection": false,
				"altAnim": false,
				"typeOfSection": 0,
				"sectionNotes": [],
				"bpm": 144,
				"sectionBeats": 4,
				"changeBPM": false,
				"mustHitSection": true
			},
			{
				"gfSection": false,
				"altAnim": false,
				"typeOfSection": 0,
				"sectionNotes": [],
				"bpm": 144,
				"sectionBeats": 4,
				"changeBPM": false,
				"mustHitSection": true
			},
			{
				"gfSection": false,
				"altAnim": false,
				"typeOfSection": 0,
				"sectionNotes": [],
				"bpm": 144,
				"sectionBeats": 4,
				"changeBPM": false,
				"mustHitSection": true
			},
			{
				"gfSection": false,
				"altAnim": false,
				"typeOfSection": 0,
				"sectionNotes": [],
				"bpm": 144,
				"sectionBeats": 4,
				"changeBPM": false,
				"mustHitSection": true
			},
			{
				"gfSection": false,
				"altAnim": false,
				"typeOfSection": 0,
				"sectionNotes": [],
				"bpm": 144,
				"sectionBeats": 4,
				"changeBPM": false,
				"mustHitSection": true
			}
		],
		"player2": "bf-pixel-school",
		"gfVersion": "curse",
		"events": [],
		"player3": null,
		"song": "dreams-of-roses-plus",
		"stage": "school",
		"needsVoices": true,
		"sections": 0,
		"validScore": true,
		"bpm": 144,
		"speed": 2.8
	}
}