{
	"animations": [
		{
			"loop": false,
			"offsets": [
				0,
				-11
			],
			"fps": 24,
			"anim": "singLEFT",
			"indices": [],
			"name": "Left"
		},
		{
			"loop": false,
			"offsets": [
				-82,
				-130
			],
			"fps": 24,
			"anim": "singDOWN",
			"indices": [],
			"name": "Down"
		},
		{
			"loop": false,
			"offsets": [
				23,
				30
			],
			"fps": 24,
			"anim": "singUP",
			"indices": [],
			"name": "Up"
		},
		{
			"loop": false,
			"offsets": [
				-128,
				-63
			],
			"fps": 24,
			"anim": "singRIGHT",
			"indices": [],
			"name": "Right"
		},
		{
			"loop": false,
			"offsets": [
				-10,
				-12
			],
			"fps": 24,
			"anim": "idle",
			"indices": [],
			"name": "Idle"
		}
	],
	"no_antialiasing": true,
	"image": "characters/cursedpissed",
	"position": [
		-10,
		-170
	],
	"healthicon": "curse-happy",
	"flip_x": false,
	"healthbar_colors": [
		52,
		59,
		113
	],
	"camera_position": [
		0,
		90
	],
	"sing_duration": 6.1,
	"scale": 0.9
}