{
	"song": {
		"player1": "bf-pixel",
		"gfVersion": "gf-pixel",
		"notes": [
			{
				"lengthInSteps":16,
				"sectionNotes": [],
				"typeOfSection": 0,
				"gfSection": false,
				"altAnim": false,
				"mustHitSection": false,
				"changeBPM": false,
				"bpm": 150
			},
			{
				"lengthInSteps":16,
				"sectionNotes": [],
				"typeOfSection": 0,
				"gfSection": false,
				"altAnim": false,
				"mustHitSection": false,
				"changeBPM": false,
				"bpm": 150
			},
			{
				"lengthInSteps":16,
				"sectionNotes": [],
				"typeOfSection": 0,
				"gfSection": false,
				"altAnim": false,
				"mustHitSection": true,
				"changeBPM": false,
				"bpm": 151
			},
			{
				"lengthInSteps":16,
				"sectionNotes": [
					[
						5960.26490066225,
						3,
						0
					],
					[
						6158.94039735099,
						1,
						0
					]
				],
				"typeOfSection": 0,
				"gfSection": false,
				"altAnim": false,
				"mustHitSection": true,
				"changeBPM": false,
				"bpm": 151
			},
			{
				"lengthInSteps":16,
				"sectionNotes": [
					[
						6357.61589403974,
						2,
						1092.71523178808
					],
					[
						7549.66887417219,
						0,
						298.013245033113
					]
				],
				"typeOfSection": 0,
				"gfSection": false,
				"altAnim": false,
				"mustHitSection": true,
				"changeBPM": false,
				"bpm": 151
			},
			{
				"lengthInSteps":16,
				"sectionNotes": [
					[
						7947.01986754967,
						3,
						1092.71523178808
					],
					[
						9139.07284768212,
						1,
						298.013245033113
					]
				],
				"typeOfSection": 0,
				"gfSection": false,
				"altAnim": false,
				"mustHitSection": true,
				"changeBPM": false,
				"bpm": 151
			},
			{
				"lengthInSteps":16,
				"sectionNotes": [
					[
						9536.4238410596,
						0,
						1092.71523178808
					],
					[
						10728.4768211921,
						2,
						298.013245033113
					]
				],
				"typeOfSection": 0,
				"gfSection": false,
				"altAnim": false,
				"mustHitSection": true,
				"changeBPM": false,
				"bpm": 151
			},
			{
				"lengthInSteps":16,
				"sectionNotes": [
					[
						11125.8278145695,
						3,
						1092.71523178808
					],
					[
						12317.880794702,
						0,
						298.013245033113
					],
					[
						11324.5033112583,
						4,
						0
					],
					[
						11423.8410596026,
						6,
						0
					],
					[
						11523.178807947,
						5,
						0
					],
					[
						11721.8543046358,
						5,
						0
					],
					[
						11821.1920529801,
						6,
						0
					],
					[
						11920.5298013245,
						7,
						0
					],
					[
						12119.2052980132,
						5,
						0
					],
					[
						12218.5430463576,
						4,
						0
					],
					[
						12317.880794702,
						7,
						0
					],
					[
						12516.5562913907,
						6,
						0
					]
				],
				"typeOfSection": 0,
				"gfSection": false,
				"altAnim": false,
				"mustHitSection": true,
				"changeBPM": false,
				"bpm": 151
			},
			{
				"lengthInSteps":16,
				"sectionNotes": [
					[
						12715.2317880795,
						5,
						1092.71523178808
					],
					[
						12715.2317880795,
						2,
						1092.71523178808
					],
					[
						13907.2847682119,
						0,
						298.013245033113
					]
				],
				"typeOfSection": 0,
				"gfSection": false,
				"altAnim": false,
				"mustHitSection": false,
				"changeBPM": false,
				"bpm": 151
			},
			{
				"lengthInSteps":16,
				"sectionNotes": [
					[
						14304.6357615894,
						3,
						1092.71523178808
					],
					[
						15496.6887417219,
						1,
						298.013245033113
					]
				],
				"typeOfSection": 0,
				"gfSection": false,
				"altAnim": false,
				"mustHitSection": false,
				"changeBPM": false,
				"bpm": 151
			},
			{
				"lengthInSteps":16,
				"sectionNotes": [
					[
						15894.0397350993,
						0,
						1092.71523178808
					],
					[
						17086.0927152318,
						2,
						298.013245033113
					]
				],
				"typeOfSection": 0,
				"gfSection": false,
				"altAnim": false,
				"mustHitSection": false,
				"changeBPM": false,
				"bpm": 151
			},
			{
				"lengthInSteps":16,
				"sectionNotes": [
					[
						17682.119205298,
						4,
						0
					],
					[
						17781.4569536424,
						6,
						0
					],
					[
						17880.7947019868,
						5,
						0
					],
					[
						18079.4701986755,
						5,
						0
					],
					[
						18178.8079470199,
						6,
						0
					],
					[
						18278.1456953642,
						7,
						0
					],
					[
						18476.821192053,
						5,
						0
					],
					[
						18576.1589403973,
						4,
						0
					],
					[
						18675.4966887417,
						7,
						0
					],
					[
						18874.1721854305,
						6,
						0
					],
					[
						17483.4437086093,
						3,
						695.364238410596
					],
					[
						18278.1456953642,
						0,
						695.364238410596
					]
				],
				"typeOfSection": 0,
				"gfSection": false,
				"altAnim": false,
				"mustHitSection": false,
				"changeBPM": false,
				"bpm": 151
			},
			{
				"lengthInSteps":16,
				"sectionNotes": [
					[
						19072.8476821192,
						1,
						298.013245033113
					],
					[
						19470.1986754967,
						3,
						0
					],
					[
						19668.8741721854,
						3,
						0
					],
					[
						19867.5496688742,
						0,
						198.675496688742
					],
					[
						20165.5629139073,
						1,
						198.675496688742
					],
					[
						20463.5761589404,
						3,
						0
					]
				],
				"typeOfSection": 0,
				"gfSection": false,
				"altAnim": false,
				"mustHitSection": false,
				"changeBPM": false,
				"bpm": 151
			},
			{
				"lengthInSteps":16,
				"sectionNotes": [
					[
						20662.2516556291,
						2,
						0
					],
					[
						20860.9271523179,
						3,
						0
					],
					[
						21059.6026490066,
						2,
						0
					],
					[
						21258.2781456954,
						0,
						298.013245033113
					],
					[
						21655.6291390728,
						1,
						0
					],
					[
						21854.3046357616,
						2,
						0
					],
					[
						22052.9801324503,
						0,
						1092.71523178808
					]
				],
				"typeOfSection": 0,
				"gfSection": false,
				"altAnim": false,
				"mustHitSection": false,
				"changeBPM": false,
				"bpm": 151
			},
			{
				"lengthInSteps":16,
				"sectionNotes": [
					[
						22450.3311258278,
						2,
						0
					],
					[
						22549.6688741722,
						0,
						0
					],
					[
						22649.0066225166,
						1,
						0
					],
					[
						22847.6821192053,
						2,
						0
					],
					[
						22947.0198675497,
						3,
						0
					],
					[
						23046.357615894,
						0,
						0
					],
					[
						23245.0331125828,
						1,
						0
					],
					[
						23344.3708609271,
						0,
						0
					],
					[
						23443.7086092715,
						2,
						0
					],
					[
						23642.3841059603,
						1,
						0
					],
					[
						23741.7218543046,
						3,
						0
					],
					[
						23443.7086092715,
						5,
						0
					],
					[
						23642.3841059603,
						6,
						0
					]
				],
				"typeOfSection": 0,
				"gfSection": false,
				"altAnim": false,
				"mustHitSection": true,
				"changeBPM": false,
				"bpm": 151
			},
			{
				"lengthInSteps":16,
				"sectionNotes": [
					[
						23841.059602649,
						2,
						0
					],
					[
						24039.7350993377,
						0,
						0
					],
					[
						24139.0728476821,
						1,
						0
					],
					[
						24238.4105960265,
						3,
						0
					],
					[
						24437.0860927152,
						1,
						0
					],
					[
						24536.4238410596,
						2,
						0
					],
					[
						24635.761589404,
						0,
						0
					],
					[
						24834.4370860927,
						1,
						0
					],
					[
						24933.7748344371,
						2,
						0
					],
					[
						25033.1125827815,
						3,
						0
					],
					[
						25231.7880794702,
						0,
						0
					],
					[
						24039.7350993377,
						5,
						0
					],
					[
						24437.0860927152,
						7,
						298.013245033113
					],
					[
						24834.4370860927,
						6,
						0
					],
					[
						25033.1125827815,
						7,
						0
					],
					[
						25231.7880794702,
						4,
						0
					]
				],
				"typeOfSection": 0,
				"gfSection": false,
				"altAnim": false,
				"mustHitSection": true,
				"changeBPM": false,
				"bpm": 151
			},
			{
				"lengthInSteps":16,
				"sectionNotes": [
					[
						25827.8145695364,
						3,
						0
					],
					[
						26026.4900662252,
						3,
						0
					],
					[
						26225.1655629139,
						0,
						198.675496688742
					],
					[
						26523.178807947,
						1,
						198.675496688742
					],
					[
						26821.1920529801,
						3,
						0
					],
					[
						25430.4635761589,
						5,
						695.364238410596
					]
				],
				"typeOfSection": 0,
				"gfSection": false,
				"altAnim": false,
				"mustHitSection": true,
				"changeBPM": false,
				"bpm": 151
			},
			{
				"lengthInSteps":16,
				"sectionNotes": [
					[
						27019.8675496689,
						2,
						0
					],
					[
						27218.5430463576,
						3,
						0
					],
					[
						27417.2185430464,
						2,
						0
					],
					[
						27615.8940397351,
						0,
						298.013245033113
					],
					[
						28013.2450331126,
						1,
						0
					],
					[
						28211.9205298013,
						2,
						0
					],
					[
						28410.5960264901,
						0,
						1092.71523178808
					]
				],
				"typeOfSection": 0,
				"gfSection": false,
				"altAnim": false,
				"mustHitSection": true,
				"changeBPM": false,
				"bpm": 151
			},
			{
				"lengthInSteps":16,
				"sectionNotes": [
					[
						28807.9470198675,
						2,
						0
					],
					[
						28907.2847682119,
						0,
						0
					],
					[
						29006.6225165563,
						1,
						0
					],
					[
						29205.298013245,
						2,
						0
					],
					[
						29304.6357615894,
						3,
						0
					],
					[
						29403.9735099338,
						0,
						0
					],
					[
						29602.6490066225,
						1,
						0
					],
					[
						29701.9867549669,
						0,
						0
					],
					[
						29801.3245033113,
						2,
						0
					],
					[
						30000,
						1,
						0
					],
					[
						30099.3377483444,
						3,
						0
					],
					[
						29801.3245033113,
						5,
						0
					],
					[
						30000,
						6,
						0
					]
				],
				"typeOfSection": 0,
				"gfSection": false,
				"altAnim": false,
				"mustHitSection": false,
				"changeBPM": false,
				"bpm": 151
			},
			{
				"lengthInSteps":16,
				"sectionNotes": [
					[
						30198.6754966887,
						2,
						0
					],
					[
						30397.3509933775,
						0,
						0
					],
					[
						30496.6887417218,
						1,
						0
					],
					[
						30596.0264900662,
						3,
						0
					],
					[
						30794.701986755,
						1,
						0
					],
					[
						30894.0397350993,
						2,
						0
					],
					[
						30993.3774834437,
						0,
						0
					],
					[
						31192.0529801324,
						1,
						0
					],
					[
						31291.3907284768,
						2,
						0
					],
					[
						31390.7284768212,
						3,
						0
					],
					[
						31589.4039735099,
						0,
						0
					],
					[
						30397.3509933775,
						5,
						0
					],
					[
						30794.701986755,
						7,
						298.013245033113
					],
					[
						31192.0529801324,
						6,
						0
					],
					[
						31390.7284768212,
						7,
						0
					],
					[
						31589.4039735099,
						4,
						0
					]
				],
				"typeOfSection": 0,
				"gfSection": false,
				"altAnim": false,
				"mustHitSection": false,
				"changeBPM": false,
				"bpm": 151
			},
			{
				"lengthInSteps":16,
				"sectionNotes": [
					[
						31788.0794701987,
						5,
						1092.71523178808
					],
					[
						31986.7549668874,
						1,
						0
					],
					[
						32086.0927152318,
						0,
						0
					],
					[
						32185.4304635761,
						3,
						0
					],
					[
						32384.1059602649,
						2,
						0
					],
					[
						32781.4569536424,
						3,
						0
					],
					[
						33178.8079470199,
						0,
						298.013245033113
					]
				],
				"typeOfSection": 0,
				"gfSection": false,
				"altAnim": false,
				"mustHitSection": false,
				"changeBPM": false,
				"bpm": 151
			},
			{
				"lengthInSteps":16,
				"sectionNotes": [
					[
						33576.1589403973,
						1,
						0
					],
					[
						33774.8344370861,
						2,
						0
					],
					[
						33973.5099337748,
						0,
						298.013245033113
					],
					[
						34370.8609271523,
						3,
						0
					],
					[
						34569.536423841,
						2,
						0
					],
					[
						34768.2119205298,
						0,
						894.039735099337
					]
				],
				"typeOfSection": 0,
				"gfSection": false,
				"altAnim": false,
				"mustHitSection": false,
				"changeBPM": false,
				"bpm": 151
			},
			{
				"lengthInSteps":16,
				"sectionNotes": [
					[
						35165.5629139073,
						2,
						0
					],
					[
						35264.9006622516,
						3,
						0
					],
					[
						35364.238410596,
						1,
						0
					],
					[
						35562.9139072848,
						1,
						0
					],
					[
						35662.2516556291,
						0,
						0
					],
					[
						35761.5894039735,
						2,
						0
					],
					[
						35960.2649006622,
						1,
						0
					],
					[
						36059.6026490066,
						3,
						0
					],
					[
						36158.940397351,
						2,
						0
					],
					[
						36357.6158940397,
						1,
						0
					],
					[
						36456.9536423841,
						0,
						0
					],
					[
						35960.2649006622,
						7,
						0
					],
					[
						36158.940397351,
						6,
						0
					],
					[
						36357.6158940397,
						4,
						0
					]
				],
				"typeOfSection": 0,
				"gfSection": false,
				"altAnim": false,
				"mustHitSection": true,
				"changeBPM": false,
				"bpm": 151
			},
			{
				"lengthInSteps":16,
				"sectionNotes": [
					[
						36556.2913907285,
						3,
						0
					],
					[
						36754.9668874172,
						2,
						0
					],
					[
						36854.3046357616,
						3,
						0
					],
					[
						36953.642384106,
						0,
						0
					],
					[
						37152.3178807947,
						2,
						0
					],
					[
						37251.6556291391,
						1,
						0
					],
					[
						37350.9933774834,
						3,
						0
					],
					[
						37549.6688741722,
						1,
						0
					],
					[
						37649.0066225166,
						2,
						0
					],
					[
						37748.3443708609,
						3,
						0
					],
					[
						37947.0198675497,
						0,
						0
					],
					[
						36754.9668874172,
						7,
						0
					],
					[
						36953.642384106,
						6,
						0
					],
					[
						37152.3178807947,
						5,
						0
					],
					[
						37549.6688741722,
						5,
						496.688741721854
					]
				],
				"typeOfSection": 0,
				"gfSection": false,
				"altAnim": false,
				"mustHitSection": true,
				"changeBPM": false,
				"bpm": 151
			},
			{
				"lengthInSteps":16,
				"sectionNotes": [
					[
						38344.3708609271,
						1,
						0
					],
					[
						38443.7086092715,
						0,
						0
					],
					[
						38543.0463576159,
						3,
						0
					],
					[
						38741.7218543046,
						2,
						0
					],
					[
						39139.0728476821,
						3,
						0
					],
					[
						39536.4238410596,
						0,
						298.013245033113
					]
				],
				"typeOfSection": 0,
				"gfSection": false,
				"altAnim": false,
				"mustHitSection": true,
				"changeBPM": false,
				"bpm": 151
			},
			{
				"lengthInSteps":16,
				"sectionNotes": [
					[
						39933.7748344371,
						1,
						0
					],
					[
						40132.4503311258,
						2,
						0
					],
					[
						40331.1258278146,
						0,
						298.013245033113
					],
					[
						40728.476821192,
						3,
						0
					],
					[
						40927.1523178808,
						2,
						0
					],
					[
						41125.8278145695,
						0,
						894.039735099337
					]
				],
				"typeOfSection": 0,
				"gfSection": false,
				"altAnim": false,
				"mustHitSection": true,
				"changeBPM": false,
				"bpm": 151
			},
			{
				"lengthInSteps":16,
				"sectionNotes": [
					[
						41523.178807947,
						2,
						0
					],
					[
						41622.5165562914,
						3,
						0
					],
					[
						41721.8543046358,
						1,
						0
					],
					[
						41920.5298013245,
						1,
						0
					],
					[
						42019.8675496689,
						0,
						0
					],
					[
						42119.2052980132,
						2,
						0
					],
					[
						42317.880794702,
						1,
						0
					],
					[
						42417.2185430464,
						3,
						0
					],
					[
						42516.5562913907,
						2,
						0
					],
					[
						42715.2317880795,
						1,
						0
					],
					[
						42814.5695364238,
						0,
						0
					],
					[
						42317.880794702,
						7,
						0
					],
					[
						42516.5562913907,
						6,
						0
					],
					[
						42715.2317880795,
						4,
						0
					]
				],
				"typeOfSection": 0,
				"gfSection": false,
				"altAnim": false,
				"mustHitSection": false,
				"changeBPM": false,
				"bpm": 151
			},
			{
				"lengthInSteps":16,
				"sectionNotes": [
					[
						42913.9072847682,
						3,
						0
					],
					[
						43112.5827814569,
						2,
						0
					],
					[
						43211.9205298013,
						3,
						0
					],
					[
						43311.2582781457,
						0,
						0
					],
					[
						43509.9337748344,
						2,
						0
					],
					[
						43609.2715231788,
						1,
						0
					],
					[
						43708.6092715232,
						3,
						0
					],
					[
						43907.2847682119,
						1,
						0
					],
					[
						44006.6225165563,
						2,
						0
					],
					[
						44105.9602649007,
						3,
						0
					],
					[
						44304.6357615894,
						0,
						0
					],
					[
						43112.5827814569,
						7,
						0
					],
					[
						43311.2582781457,
						6,
						0
					],
					[
						43509.9337748344,
						5,
						0
					],
					[
						43907.2847682119,
						5,
						496.688741721854
					]
				],
				"typeOfSection": 0,
				"gfSection": false,
				"altAnim": false,
				"mustHitSection": false,
				"changeBPM": false,
				"bpm": 151
			},
			{
				"lengthInSteps":16,
				"sectionNotes": [],
				"typeOfSection": 0,
				"gfSection": false,
				"altAnim": false,
				"mustHitSection": false,
				"changeBPM": false,
				"bpm": 151
			},
			{
				"lengthInSteps":16,
				"sectionNotes": [
					[
						46291.3907284768,
						0,
						0
					],
					[
						46390.7284768212,
						2,
						0
					],
					[
						46490.0662251656,
						1,
						0
					],
					[
						46688.7417218543,
						3,
						0
					],
					[
						46788.0794701987,
						2,
						0
					],
					[
						46887.4172185431,
						0,
						0
					],
					[
						47185.4304635762,
						3,
						0
					],
					[
						47086.0927152318,
						2,
						0
					],
					[
						47284.7682119205,
						1,
						0
					],
					[
						47483.4437086093,
						2,
						0
					]
				],
				"typeOfSection": 0,
				"gfSection": false,
				"altAnim": false,
				"mustHitSection": false,
				"changeBPM": false,
				"bpm": 151
			},
			{
				"lengthInSteps":16,
				"sectionNotes": [],
				"typeOfSection": 0,
				"gfSection": false,
				"altAnim": false,
				"mustHitSection": true,
				"changeBPM": false,
				"bpm": 151
			},
			{
				"lengthInSteps":16,
				"sectionNotes": [
					[
						49470.1986754967,
						0,
						0
					],
					[
						49569.5364238411,
						2,
						0
					],
					[
						49668.8741721854,
						1,
						0
					],
					[
						49867.5496688742,
						3,
						0
					],
					[
						49966.8874172185,
						2,
						0
					],
					[
						50066.2251655629,
						0,
						0
					],
					[
						50364.238410596,
						3,
						0
					],
					[
						50264.9006622517,
						2,
						0
					],
					[
						50463.5761589404,
						1,
						0
					],
					[
						50662.2516556291,
						2,
						0
					]
				],
				"typeOfSection": 0,
				"gfSection": false,
				"altAnim": false,
				"mustHitSection": true,
				"changeBPM": false,
				"bpm": 151
			},
			{
				"lengthInSteps":16,
				"sectionNotes": [],
				"typeOfSection": 0,
				"gfSection": false,
				"altAnim": false,
				"mustHitSection": false,
				"changeBPM": false,
				"bpm": 151
			},
			{
				"lengthInSteps":16,
				"sectionNotes": [
					[
						52649.0066225166,
						3,
						0
					],
					[
						52748.3443708609,
						1,
						0
					],
					[
						52847.6821192053,
						2,
						0
					],
					[
						53046.357615894,
						0,
						0
					],
					[
						53145.6953642384,
						1,
						0
					],
					[
						53245.0331125828,
						3,
						0
					],
					[
						53543.0463576159,
						0,
						0
					],
					[
						53443.7086092715,
						1,
						0
					],
					[
						53642.3841059603,
						2,
						0
					],
					[
						53841.059602649,
						1,
						0
					]
				],
				"typeOfSection": 0,
				"gfSection": false,
				"altAnim": false,
				"mustHitSection": false,
				"changeBPM": false,
				"bpm": 151
			},
			{
				"lengthInSteps":16,
				"sectionNotes": [],
				"typeOfSection": 0,
				"gfSection": false,
				"altAnim": false,
				"mustHitSection": true,
				"changeBPM": false,
				"bpm": 151
			},
			{
				"lengthInSteps":16,
				"sectionNotes": [
					[
						55827.8145695364,
						3,
						0
					],
					[
						55927.1523178808,
						1,
						0
					],
					[
						56026.4900662252,
						2,
						0
					],
					[
						56225.1655629139,
						0,
						0
					],
					[
						56324.5033112583,
						1,
						0
					],
					[
						56423.8410596026,
						3,
						0
					],
					[
						56721.8543046358,
						0,
						0
					],
					[
						56622.5165562914,
						1,
						0
					],
					[
						56821.1920529801,
						2,
						0
					],
					[
						57019.8675496689,
						1,
						0
					]
				],
				"typeOfSection": 0,
				"gfSection": false,
				"altAnim": false,
				"mustHitSection": true,
				"changeBPM": false,
				"bpm": 151
			},
			{
				"lengthInSteps":16,
				"sectionNotes": [
					[
						57615.8940397351,
						3,
						0
					],
					[
						57814.5695364239,
						3,
						0
					],
					[
						58013.2450331126,
						0,
						198.675496688742
					],
					[
						58311.2582781457,
						1,
						0
					],
					[
						58410.5960264901,
						3,
						0
					],
					[
						58609.2715231788,
						1,
						0
					]
				],
				"typeOfSection": 0,
				"gfSection": false,
				"altAnim": false,
				"mustHitSection": false,
				"changeBPM": false,
				"bpm": 151
			},
			{
				"lengthInSteps":16,
				"sectionNotes": [
					[
						58807.9470198676,
						2,
						0
					],
					[
						59006.6225165563,
						1,
						0
					],
					[
						59205.2980132451,
						0,
						0
					],
					[
						59403.9735099338,
						1,
						0
					],
					[
						59602.6490066225,
						3,
						0
					],
					[
						59801.3245033113,
						2,
						198.675496688742
					],
					[
						60198.6754966888,
						0,
						0
					],
					[
						60298.0132450331,
						2,
						0
					]
				],
				"typeOfSection": 0,
				"gfSection": false,
				"altAnim": false,
				"mustHitSection": false,
				"changeBPM": false,
				"bpm": 151
			},
			{
				"lengthInSteps":16,
				"sectionNotes": [
					[
						60397.3509933775,
						7,
						894.039735099337
					],
					[
						60596.0264900662,
						1,
						0
					],
					[
						60695.3642384106,
						0,
						0
					],
					[
						60794.701986755,
						2,
						0
					],
					[
						60993.3774834437,
						1,
						0
					],
					[
						61092.7152317881,
						0,
						0
					],
					[
						61192.0529801325,
						3,
						0
					],
					[
						61390.7284768212,
						2,
						0
					],
					[
						61490.0662251656,
						3,
						0
					],
					[
						61589.40397351,
						0,
						0
					],
					[
						61788.0794701987,
						2,
						0
					],
					[
						61887.4172185431,
						3,
						0
					]
				],
				"typeOfSection": 0,
				"gfSection": false,
				"altAnim": false,
				"mustHitSection": true,
				"changeBPM": false,
				"bpm": 151
			},
			{
				"lengthInSteps":16,
				"sectionNotes": [
					[
						61986.7549668874,
						1,
						0
					],
					[
						62185.4304635762,
						2,
						0
					],
					[
						62284.7682119206,
						0,
						0
					],
					[
						62384.1059602649,
						1,
						0
					],
					[
						62582.7814569537,
						2,
						0
					],
					[
						62682.119205298,
						1,
						0
					],
					[
						62781.4569536424,
						3,
						0
					],
					[
						62980.1324503311,
						1,
						0
					],
					[
						63079.4701986755,
						2,
						0
					],
					[
						63178.8079470199,
						0,
						0
					],
					[
						63377.4834437086,
						1,
						0
					],
					[
						61986.7549668874,
						4,
						695.364238410596
					],
					[
						62781.4569536424,
						6,
						695.364238410596
					]
				],
				"typeOfSection": 0,
				"gfSection": false,
				"altAnim": false,
				"mustHitSection": true,
				"changeBPM": false,
				"bpm": 151
			},
			{
				"lengthInSteps":16,
				"sectionNotes": [
					[
						63973.5099337749,
						3,
						0
					],
					[
						64966.8874172186,
						1,
						0
					],
					[
						63576.1589403974,
						5,
						695.364238410596
					],
					[
						64172.1854304636,
						2,
						0
					],
					[
						64370.8609271523,
						0,
						397.350993377483
					],
					[
						65066.2251655629,
						3,
						0
					]
				],
				"typeOfSection": 0,
				"gfSection": false,
				"altAnim": false,
				"mustHitSection": true,
				"changeBPM": false,
				"bpm": 151
			},
			{
				"lengthInSteps":16,
				"sectionNotes": [
					[
						65165.5629139073,
						2,
						0
					],
					[
						65364.238410596,
						1,
						0
					],
					[
						65562.9139072848,
						0,
						0
					],
					[
						65761.5894039735,
						1,
						0
					],
					[
						65960.2649006623,
						3,
						0
					],
					[
						66158.940397351,
						2,
						198.675496688742
					],
					[
						66556.2913907285,
						0,
						0
					],
					[
						66655.6291390729,
						2,
						0
					]
				],
				"typeOfSection": 0,
				"gfSection": false,
				"altAnim": false,
				"mustHitSection": true,
				"changeBPM": false,
				"bpm": 151
			},
			{
				"lengthInSteps":16,
				"sectionNotes": [
					[
						66754.9668874172,
						7,
						894.039735099337
					],
					[
						66953.642384106,
						1,
						0
					],
					[
						67052.9801324503,
						0,
						0
					],
					[
						67152.3178807947,
						2,
						0
					],
					[
						67350.9933774835,
						1,
						0
					],
					[
						67450.3311258278,
						0,
						0
					],
					[
						67549.6688741722,
						3,
						0
					],
					[
						67748.3443708609,
						2,
						0
					],
					[
						67847.6821192053,
						3,
						0
					],
					[
						67947.0198675497,
						0,
						0
					],
					[
						68145.6953642384,
						2,
						0
					],
					[
						68245.0331125828,
						3,
						0
					]
				],
				"typeOfSection": 0,
				"gfSection": false,
				"altAnim": false,
				"mustHitSection": false,
				"changeBPM": false,
				"bpm": 151
			},
			{
				"lengthInSteps":16,
				"sectionNotes": [
					[
						68344.3708609272,
						1,
						0
					],
					[
						68543.0463576159,
						2,
						0
					],
					[
						68642.3841059603,
						0,
						0
					],
					[
						68741.7218543047,
						1,
						0
					],
					[
						68940.3973509934,
						2,
						0
					],
					[
						69039.7350993378,
						1,
						0
					],
					[
						69139.0728476821,
						3,
						0
					],
					[
						69337.7483443709,
						1,
						0
					],
					[
						69437.0860927153,
						2,
						0
					],
					[
						69536.4238410596,
						0,
						0
					],
					[
						69735.0993377484,
						1,
						0
					],
					[
						68344.3708609272,
						4,
						695.364238410596
					],
					[
						69139.0728476821,
						6,
						695.364238410596
					]
				],
				"typeOfSection": 0,
				"gfSection": false,
				"altAnim": false,
				"mustHitSection": false,
				"changeBPM": false,
				"bpm": 151
			},
			{
				"lengthInSteps":16,
				"sectionNotes": [
					[
						69933.7748344371,
						5,
						1092.71523178808
					],
					[
						70132.4503311258,
						1,
						0
					],
					[
						70231.7880794702,
						0,
						0
					],
					[
						70331.1258278145,
						3,
						0
					],
					[
						70529.8013245033,
						2,
						0
					],
					[
						70927.1523178808,
						3,
						0
					],
					[
						71324.5033112583,
						0,
						298.013245033113
					]
				],
				"typeOfSection": 0,
				"gfSection": false,
				"altAnim": false,
				"mustHitSection": false,
				"changeBPM": false,
				"bpm": 151
			},
			{
				"lengthInSteps":16,
				"sectionNotes": [
					[
						71721.8543046357,
						1,
						0
					],
					[
						71920.5298013245,
						2,
						0
					],
					[
						72119.2052980132,
						0,
						298.013245033113
					],
					[
						72516.5562913907,
						3,
						0
					],
					[
						72715.2317880794,
						2,
						0
					],
					[
						72913.9072847682,
						0,
						894.039735099337
					]
				],
				"typeOfSection": 0,
				"gfSection": false,
				"altAnim": false,
				"mustHitSection": false,
				"changeBPM": false,
				"bpm": 151
			},
			{
				"lengthInSteps":16,
				"sectionNotes": [
					[
						73311.2582781457,
						2,
						0
					],
					[
						73410.59602649,
						3,
						0
					],
					[
						73509.9337748344,
						1,
						0
					],
					[
						73708.6092715232,
						1,
						0
					],
					[
						73807.9470198675,
						0,
						0
					],
					[
						73907.2847682119,
						2,
						0
					],
					[
						74105.9602649006,
						1,
						0
					],
					[
						74205.298013245,
						3,
						0
					],
					[
						74304.6357615894,
						2,
						0
					],
					[
						74503.3112582781,
						1,
						0
					],
					[
						74602.6490066225,
						0,
						0
					],
					[
						74105.9602649006,
						7,
						0
					],
					[
						74304.6357615894,
						6,
						0
					],
					[
						74503.3112582781,
						4,
						0
					]
				],
				"typeOfSection": 0,
				"gfSection": false,
				"altAnim": false,
				"mustHitSection": true,
				"changeBPM": false,
				"bpm": 151
			},
			{
				"lengthInSteps":16,
				"sectionNotes": [
					[
						74701.9867549669,
						3,
						0
					],
					[
						74900.6622516556,
						2,
						0
					],
					[
						75000,
						3,
						0
					],
					[
						75099.3377483444,
						0,
						0
					],
					[
						75298.0132450331,
						2,
						0
					],
					[
						75397.3509933775,
						1,
						0
					],
					[
						75496.6887417218,
						3,
						0
					],
					[
						75695.3642384106,
						1,
						0
					],
					[
						75794.701986755,
						2,
						0
					],
					[
						75894.0397350993,
						3,
						0
					],
					[
						76092.7152317881,
						0,
						0
					],
					[
						74900.6622516556,
						7,
						0
					],
					[
						75099.3377483444,
						6,
						0
					],
					[
						75298.0132450331,
						5,
						0
					],
					[
						75695.3642384106,
						5,
						496.688741721854
					]
				],
				"typeOfSection": 0,
				"gfSection": false,
				"altAnim": false,
				"mustHitSection": true,
				"changeBPM": false,
				"bpm": 151
			},
			{
				"lengthInSteps":16,
				"sectionNotes": [
					[
						76490.0662251655,
						1,
						0
					],
					[
						76589.4039735099,
						0,
						0
					],
					[
						76688.7417218543,
						3,
						0
					],
					[
						76887.417218543,
						2,
						0
					],
					[
						77284.7682119205,
						3,
						0
					],
					[
						77682.119205298,
						0,
						298.013245033113
					]
				],
				"typeOfSection": 0,
				"gfSection": false,
				"altAnim": false,
				"mustHitSection": true,
				"changeBPM": false,
				"bpm": 151
			},
			{
				"lengthInSteps":16,
				"sectionNotes": [
					[
						78079.4701986755,
						1,
						0
					],
					[
						78278.1456953642,
						2,
						0
					],
					[
						78476.821192053,
						0,
						298.013245033113
					],
					[
						78874.1721854304,
						3,
						0
					],
					[
						79072.8476821192,
						2,
						0
					],
					[
						79271.5231788079,
						0,
						894.039735099337
					]
				],
				"typeOfSection": 0,
				"gfSection": false,
				"altAnim": false,
				"mustHitSection": true,
				"changeBPM": false,
				"bpm": 151
			},
			{
				"lengthInSteps":16,
				"sectionNotes": [
					[
						79668.8741721854,
						2,
						0
					],
					[
						79768.2119205298,
						3,
						0
					],
					[
						79867.5496688742,
						1,
						0
					],
					[
						80066.2251655629,
						1,
						0
					],
					[
						80165.5629139073,
						0,
						0
					],
					[
						80264.9006622516,
						2,
						0
					],
					[
						80463.5761589404,
						1,
						0
					],
					[
						80562.9139072848,
						3,
						0
					],
					[
						80662.2516556291,
						2,
						0
					],
					[
						80860.9271523179,
						1,
						0
					],
					[
						80960.2649006622,
						0,
						0
					],
					[
						80463.5761589404,
						7,
						0
					],
					[
						80662.2516556291,
						6,
						0
					],
					[
						80860.9271523179,
						4,
						0
					]
				],
				"typeOfSection": 0,
				"gfSection": false,
				"altAnim": false,
				"mustHitSection": false,
				"changeBPM": false,
				"bpm": 151
			},
			{
				"lengthInSteps":16,
				"sectionNotes": [
					[
						81059.6026490066,
						3,
						0
					],
					[
						81258.2781456953,
						2,
						0
					],
					[
						81357.6158940397,
						3,
						0
					],
					[
						81456.9536423841,
						0,
						0
					],
					[
						81655.6291390728,
						2,
						0
					],
					[
						81258.2781456953,
						7,
						0
					],
					[
						81456.9536423841,
						6,
						0
					],
					[
						81655.6291390728,
						5,
						0
					]
				],
				"typeOfSection": 0,
				"gfSection": false,
				"altAnim": false,
				"mustHitSection": false,
				"changeBPM": false,
				"bpm": 151
			},
			{
				"lengthInSteps":16,
				"sectionNotes": [
					[
						82847.6821192053,
						2,
						0
					],
					[
						82947.0198675497,
						2,
						0
					],
					[
						83046.3576158941,
						0,
						0
					],
					[
						83245.0331125828,
						1,
						0
					],
					[
						83443.7086092716,
						3,
						298.013245033113
					],
					[
						83841.0596026491,
						1,
						0
					],
					[
						84039.7350993378,
						0,
						298.013245033113
					]
				],
				"typeOfSection": 0,
				"gfSection": false,
				"altAnim": false,
				"mustHitSection": false,
				"changeBPM": false,
				"bpm": 151
			},
			{
				"lengthInSteps":16,
				"sectionNotes": [
					[
						84437.0860927153,
						2,
						0
					],
					[
						84933.7748344371,
						1,
						397.350993377483
					],
					[
						85430.463576159,
						2,
						0
					],
					[
						85629.1390728477,
						3,
						0
					],
					[
						85728.4768211921,
						2,
						0
					],
					[
						84834.4370860928,
						0,
						0
					]
				],
				"typeOfSection": 0,
				"gfSection": false,
				"altAnim": false,
				"mustHitSection": false,
				"changeBPM": false,
				"bpm": 151
			},
			{
				"lengthInSteps":16,
				"sectionNotes": [
					[
						85827.8145695365,
						4,
						1092.71523178808
					],
					[
						87019.8675496689,
						5,
						0
					],
					[
						87218.5430463577,
						4,
						0
					],
					[
						86026.4900662252,
						2,
						0
					],
					[
						86125.8278145696,
						1,
						0
					],
					[
						86225.165562914,
						3,
						0
					],
					[
						86423.8410596027,
						0,
						496.688741721854
					],
					[
						87019.8675496689,
						1,
						0
					]
				],
				"typeOfSection": 0,
				"gfSection": false,
				"altAnim": false,
				"mustHitSection": true,
				"changeBPM": false,
				"bpm": 151
			},
			{
				"lengthInSteps":16,
				"sectionNotes": [
					[
						87417.2185430464,
						7,
						0
					],
					[
						87615.8940397352,
						6,
						0
					],
					[
						88013.2450331126,
						4,
						0
					],
					[
						88211.9205298014,
						6,
						0
					],
					[
						88609.2715231789,
						5,
						0
					],
					[
						88807.9470198676,
						7,
						0
					],
					[
						88907.284768212,
						6,
						0
					],
					[
						87615.8940397352,
						3,
						0
					],
					[
						87715.2317880795,
						2,
						0
					],
					[
						87814.5695364239,
						0,
						0
					],
					[
						88013.2450331126,
						2,
						496.688741721854
					],
					[
						88609.2715231789,
						1,
						0
					]
				],
				"typeOfSection": 0,
				"gfSection": false,
				"altAnim": false,
				"mustHitSection": true,
				"changeBPM": false,
				"bpm": 151
			},
			{
				"lengthInSteps":16,
				"sectionNotes": [
					[
						89006.6225165564,
						4,
						993.377483443708
					],
					[
						90198.6754966888,
						5,
						298.013245033113
					],
					[
						89205.2980132451,
						2,
						0
					],
					[
						89304.6357615895,
						2,
						0
					],
					[
						89403.9735099338,
						0,
						0
					],
					[
						89602.6490066226,
						1,
						0
					],
					[
						89801.3245033113,
						3,
						298.013245033113
					],
					[
						90198.6754966888,
						1,
						0
					],
					[
						90397.3509933775,
						0,
						298.013245033113
					]
				],
				"typeOfSection": 0,
				"gfSection": false,
				"altAnim": false,
				"mustHitSection": true,
				"changeBPM": false,
				"bpm": 151
			},
			{
				"lengthInSteps":16,
				"sectionNotes": [
					[
						90596.0264900663,
						7,
						695.364238410596
					],
					[
						91390.7284768213,
						5,
						695.364238410596
					],
					[
						90794.701986755,
						1,
						0
					],
					[
						91192.0529801325,
						2,
						496.688741721854
					],
					[
						91788.0794701987,
						3,
						0
					],
					[
						91986.7549668875,
						1,
						0
					],
					[
						92086.0927152318,
						0,
						0
					]
				],
				"typeOfSection": 0,
				"gfSection": false,
				"altAnim": false,
				"mustHitSection": true,
				"changeBPM": false,
				"bpm": 151
			},
			{
				"lengthInSteps":16,
				"sectionNotes": [
					[
						92185.4304635762,
						2,
						1092.71523178808
					],
					[
						93377.4834437087,
						3,
						298.013245033113
					],
					[
						92185.4304635762,
						7,
						1092.71523178808
					],
					[
						93377.4834437087,
						5,
						0
					],
					[
						93576.1589403974,
						6,
						0
					]
				],
				"typeOfSection": 0,
				"gfSection": false,
				"altAnim": false,
				"mustHitSection": false,
				"changeBPM": false,
				"bpm": 151
			},
			{
				"lengthInSteps":16,
				"sectionNotes": [
					[
						93774.8344370862,
						0,
						298.013245033113
					],
					[
						94172.1854304636,
						1,
						298.013245033113
					],
					[
						94569.5364238411,
						3,
						298.013245033113
					],
					[
						94966.8874172186,
						1,
						298.013245033113
					],
					[
						93774.8344370862,
						7,
						0
					],
					[
						93973.5099337749,
						5,
						0
					],
					[
						94370.8609271524,
						4,
						0
					],
					[
						94569.5364238411,
						7,
						0
					],
					[
						94966.8874172186,
						5,
						0
					],
					[
						95165.5629139074,
						4,
						0
					],
					[
						95264.9006622517,
						6,
						0
					]
				],
				"typeOfSection": 0,
				"gfSection": false,
				"altAnim": false,
				"mustHitSection": false,
				"changeBPM": false,
				"bpm": 151
			},
			{
				"lengthInSteps":16,
				"sectionNotes": [
					[
						95761.5894039736,
						2,
						0
					],
					[
						95960.2649006623,
						3,
						0
					],
					[
						96158.9403973511,
						0,
						298.013245033113
					],
					[
						96556.2913907285,
						2,
						0
					],
					[
						96754.9668874173,
						1,
						298.013245033113
					],
					[
						95562.9139072848,
						5,
						695.364238410596
					],
					[
						95761.5894039736,
						7,
						496.688741721854
					],
					[
						96357.6158940398,
						6,
						0
					],
					[
						96556.2913907285,
						7,
						0
					],
					[
						96754.9668874173,
						4,
						0
					]
				],
				"typeOfSection": 0,
				"gfSection": false,
				"altAnim": false,
				"mustHitSection": false,
				"changeBPM": false,
				"bpm": 151
			},
			{
				"lengthInSteps":16,
				"sectionNotes": [
					[
						97152.3178807948,
						2,
						0
					],
					[
						97549.6688741723,
						3,
						0
					],
					[
						97649.0066225166,
						1,
						198.675496688742
					],
					[
						97947.0198675497,
						2,
						0
					],
					[
						98145.6953642385,
						0,
						0
					],
					[
						98344.3708609272,
						2,
						0
					],
					[
						98443.7086092716,
						1,
						0
					],
					[
						97152.3178807948,
						5,
						695.364238410596
					],
					[
						97350.9933774835,
						7,
						496.688741721854
					],
					[
						97947.0198675497,
						4,
						0
					],
					[
						98145.6953642385,
						6,
						0
					],
					[
						98344.3708609272,
						7,
						0
					]
				],
				"typeOfSection": 0,
				"gfSection": false,
				"altAnim": false,
				"mustHitSection": false,
				"changeBPM": false,
				"bpm": 151
			},
			{
				"lengthInSteps":16,
				"sectionNotes": [
					[
						98543.046357616,
						7,
						1092.71523178808
					],
					[
						99735.0993377484,
						5,
						0
					],
					[
						99933.7748344372,
						4,
						0
					],
					[
						98543.046357616,
						1,
						0
					],
					[
						98741.7218543047,
						2,
						0
					],
					[
						99139.0728476822,
						3,
						0
					],
					[
						99337.7483443709,
						2,
						0
					],
					[
						99735.0993377484,
						0,
						0
					],
					[
						99933.7748344372,
						2,
						0
					]
				],
				"typeOfSection": 0,
				"gfSection": false,
				"altAnim": false,
				"mustHitSection": true,
				"changeBPM": false,
				"bpm": 151
			},
			{
				"lengthInSteps":16,
				"sectionNotes": [
					[
						100132.450331126,
						7,
						0
					],
					[
						100331.125827815,
						6,
						0
					],
					[
						100728.476821192,
						4,
						0
					],
					[
						100927.152317881,
						6,
						0
					],
					[
						101324.503311258,
						7,
						0
					],
					[
						101423.841059603,
						6,
						0
					],
					[
						101523.178807947,
						5,
						0
					],
					[
						101622.516556291,
						6,
						0
					],
					[
						100331.125827815,
						3,
						0
					],
					[
						100529.801324503,
						1,
						0
					],
					[
						100728.476821192,
						2,
						298.013245033113
					],
					[
						101125.82781457,
						3,
						0
					],
					[
						101324.503311258,
						0,
						0
					],
					[
						101523.178807947,
						1,
						0
					]
				],
				"typeOfSection": 0,
				"gfSection": false,
				"altAnim": false,
				"mustHitSection": true,
				"changeBPM": false,
				"bpm": 151
			},
			{
				"lengthInSteps":16,
				"sectionNotes": [
					[
						101721.854304636,
						4,
						496.688741721854
					],
					[
						102317.880794702,
						7,
						0
					],
					[
						102516.556291391,
						5,
						298.013245033113
					],
					[
						102913.907284768,
						4,
						0
					],
					[
						103112.582781457,
						7,
						298.013245033113
					],
					[
						102715.23178808,
						1,
						0
					],
					[
						102119.205298013,
						2,
						496.688741721854
					],
					[
						102913.907284768,
						2,
						0
					],
					[
						103112.582781457,
						0,
						0
					]
				],
				"typeOfSection": 0,
				"gfSection": false,
				"altAnim": false,
				"mustHitSection": true,
				"changeBPM": false,
				"bpm": 151
			},
			{
				"lengthInSteps":16,
				"sectionNotes": [
					[
						103509.933774835,
						6,
						0
					],
					[
						103907.284768212,
						7,
						496.688741721854
					],
					[
						104503.311258278,
						5,
						0
					],
					[
						104701.986754967,
						6,
						0
					],
					[
						104304.635761589,
						1,
						0
					],
					[
						104701.986754967,
						2,
						0
					],
					[
						104503.311258278,
						0,
						0
					],
					[
						103509.933774835,
						3,
						695.364238410596
					],
					[
						103708.609271523,
						2,
						496.688741721854
					]
				],
				"typeOfSection": 0,
				"gfSection": false,
				"altAnim": false,
				"mustHitSection": true,
				"changeBPM": false,
				"bpm": 151
			},
			{
				"lengthInSteps":16,
				"sectionNotes": [
					[
						104900.662251656,
						0,
						1092.71523178808
					],
					[
						106092.715231788,
						2,
						0
					],
					[
						106291.390728477,
						1,
						0
					],
					[
						104900.662251656,
						5,
						0
					],
					[
						105099.337748344,
						6,
						0
					],
					[
						105298.013245033,
						7,
						0
					],
					[
						105496.688741722,
						4,
						0
					],
					[
						105695.364238411,
						6,
						0
					],
					[
						105894.039735099,
						7,
						0
					],
					[
						106092.715231788,
						5,
						0
					],
					[
						106291.390728477,
						7,
						0
					]
				],
				"typeOfSection": 0,
				"gfSection": false,
				"altAnim": false,
				"mustHitSection": false,
				"changeBPM": false,
				"bpm": 151
			},
			{
				"lengthInSteps":16,
				"sectionNotes": [
					[
						106490.066225166,
						3,
						0
					],
					[
						106688.741721854,
						2,
						0
					],
					[
						107086.092715232,
						1,
						0
					],
					[
						107284.768211921,
						2,
						0
					],
					[
						107682.119205298,
						0,
						0
					],
					[
						107880.794701987,
						2,
						0
					],
					[
						107980.132450331,
						3,
						0
					],
					[
						106688.741721854,
						6,
						0
					],
					[
						106788.079470199,
						7,
						0
					],
					[
						107483.443708609,
						7,
						0
					],
					[
						107682.119205298,
						5,
						0
					],
					[
						107880.794701987,
						4,
						0
					],
					[
						106887.417218543,
						4,
						496.688741721854
					]
				],
				"typeOfSection": 0,
				"gfSection": false,
				"altAnim": false,
				"mustHitSection": false,
				"changeBPM": false,
				"bpm": 151
			},
			{
				"lengthInSteps":16,
				"sectionNotes": [
					[
						108079.470198676,
						1,
						1092.71523178808
					]
				],
				"typeOfSection": 0,
				"gfSection": false,
				"altAnim": false,
				"mustHitSection": false,
				"changeBPM": false,
				"bpm": 151
			},
			{
				"lengthInSteps":16,
				"sectionNotes": [],
				"typeOfSection": 0,
				"gfSection": false,
				"altAnim": false,
				"mustHitSection": false,
				"changeBPM": false,
				"bpm": 151
			},
			{
				"lengthInSteps":16,
				"sectionNotes": [],
				"typeOfSection": 0,
				"gfSection": false,
				"altAnim": false,
				"mustHitSection": true,
				"changeBPM": false,
				"bpm": 151
			},
			{
				"lengthInSteps":16,
				"sectionNotes": [],
				"typeOfSection": 0,
				"gfSection": false,
				"altAnim": false,
				"mustHitSection": true,
				"changeBPM": false,
				"bpm": 151
			},
			{
				"lengthInSteps":16,
				"sectionNotes": [],
				"typeOfSection": 0,
				"gfSection": false,
				"altAnim": false,
				"mustHitSection": true,
				"changeBPM": false,
				"bpm": 151
			},
			{
				"lengthInSteps":16,
				"sectionNotes": [],
				"typeOfSection": 0,
				"gfSection": false,
				"altAnim": false,
				"mustHitSection": true,
				"changeBPM": false,
				"bpm": 151
			},
			{
				"gfSection": false,
				"altAnim": false,
				"typeOfSection": 0,
				"sectionNotes": [],
				"bpm": 151,
				"lengthInSteps":16,
				"changeBPM": false,
				"mustHitSection": true
			},
			{
				"gfSection": false,
				"altAnim": false,
				"typeOfSection": 0,
				"sectionNotes": [],
				"bpm": 151,
				"lengthInSteps":16,
				"changeBPM": false,
				"mustHitSection": true
			},
			{
				"gfSection": false,
				"altAnim": false,
				"typeOfSection": 0,
				"sectionNotes": [],
				"bpm": 151,
				"lengthInSteps":16,
				"changeBPM": false,
				"mustHitSection": true
			}
		],
		"events": [],
		"player2": "senpai",
		"song": "High-School-Conflict",
		"needsVoices": true,
		"noteStyle": "",
		"stage": "school",
		"validScore": true,
		"bpm": 151,
		"speed": 2.8
	}
}