{
	"animations": [
		{
			"offsets": [
				1,
				0
			],
			"loop": false,
			"anim": "idle",
			"fps": 8,
			"name": "Senpai Idle",
			"indices": []
		},
		{
			"offsets": [
				5,
				37
			],
			"loop": false,
			"fps": 24,
			"anim": "singUP",
			"indices": [],
			"name": "SENPAI UP NOTE"
		},
		{
			"offsets": [
				0,
				0
			],
			"loop": false,
			"fps": 24,
			"anim": "singRIGHT",
			"indices": [],
			"name": "SENPAI RIGHT NOTE"
		},
		{
			"offsets": [
				40,
				0
			],
			"loop": false,
			"fps": 24,
			"anim": "singLEFT",
			"indices": [],
			"name": "SENPAI LEFT NOTE"
		},
		{
			"offsets": [
				14,
				0
			],
			"loop": false,
			"fps": 24,
			"anim": "singDOWN",
			"indices": [],
			"name": "SENPAI DOWN NOTE"
		}
	],
	"no_antialiasing": true,
	"image": "characters/Senpai",
	"position": [
		-720,
		140
	],
	"healthicon": "senpai-pixel",
	"flip_x": true,
	"healthbar_colors": [
		255,
		170,
		111
	],
	"camera_position": [
		-130,
		-250
	],
	"sing_duration": 4,
	"scale": 6
}