{
	"song": {
		"sectionLengths": [],
		"player1": "senpai-angry-player",
		"events": [],
		"gfVersion": "gf-pixel",
		"player2": "bf-pixel-school-angry",
		"notes": [
			{
				"sectionNotes": [],
				"lengthInSteps": 16,
				"typeOfSection": 0,
				"events": [],
				"mustHitSection": true
			},
			{
				"sectionNotes": [],
				"lengthInSteps": 16,
				"typeOfSection": 0,
				"events": [],
				"mustHitSection": true
			},
			{
				"sectionNotes": [],
				"lengthInSteps": 16,
				"typeOfSection": 0,
				"events": [],
				"mustHitSection": false
			},
			{
				"sectionNotes": [],
				"lengthInSteps": 16,
				"typeOfSection": 0,
				"events": [],
				"mustHitSection": false
			},
			{
				"sectionNotes": [],
				"lengthInSteps": 16,
				"typeOfSection": 0,
				"events": [],
				"mustHitSection": false
			},
			{
				"sectionNotes": [],
				"lengthInSteps": 16,
				"typeOfSection": 0,
				"events": [],
				"mustHitSection": false
			},
			{
				"sectionNotes": [],
				"lengthInSteps": 16,
				"typeOfSection": 0,
				"events": [],
				"mustHitSection": false
			},
			{
				"sectionNotes": [],
				"lengthInSteps": 16,
				"typeOfSection": 0,
				"events": [],
				"mustHitSection": false
			},
			{
				"sectionNotes": [],
				"lengthInSteps": 16,
				"typeOfSection": 0,
				"events": [],
				"mustHitSection": false
			},
			{
				"sectionNotes": [],
				"lengthInSteps": 16,
				"typeOfSection": 0,
				"events": [],
				"mustHitSection": false
			},
			{
				"sectionNotes": [],
				"lengthInSteps": 16,
				"typeOfSection": 0,
				"events": [],
				"mustHitSection": false
			},
			{
				"sectionNotes": [],
				"lengthInSteps": 16,
				"typeOfSection": 0,
				"events": [],
				"mustHitSection": false
			},
			{
				"sectionNotes": [],
				"lengthInSteps": 16,
				"typeOfSection": 0,
				"events": [],
				"mustHitSection": false
			},
			{
				"sectionNotes": [],
				"lengthInSteps": 16,
				"typeOfSection": 0,
				"events": [],
				"mustHitSection": false
			},
			{
				"sectionNotes": [],
				"lengthInSteps": 16,
				"typeOfSection": 0,
				"events": [],
				"mustHitSection": false
			},
			{
				"sectionNotes": [],
				"lengthInSteps": 16,
				"typeOfSection": 0,
				"events": [],
				"mustHitSection": false
			},
			{
				"sectionNotes": [
					[
						23742.3312883436,
						3,
						2.8421709430404e-14
					],
					[
						23926.3803680982,
						1,
						5.6843418860808e-14
					],
					[
						24110.4294478528,
						0,
						0
					],
					[
						24294.4785276074,
						2,
						276.073619631901
					],
					[
						24662.5766871166,
						3,
						276.073619631901
					]
				],
				"lengthInSteps": 16,
				"typeOfSection": 0,
				"events": [],
				"mustHitSection": true
			},
			{
				"sectionNotes": [
					[
						25214.7239263804,
						0,
						2.8421709430404e-14
					],
					[
						25398.773006135,
						3,
						5.6843418860808e-14
					],
					[
						25582.8220858896,
						1,
						0
					],
					[
						25766.8711656442,
						2,
						276.073619631901
					],
					[
						26134.9693251534,
						0,
						276.073619631901
					]
				],
				"lengthInSteps": 16,
				"typeOfSection": 0,
				"events": [],
				"mustHitSection": true
			},
			{
				"sectionNotes": [
					[
						26687.1165644172,
						3,
						2.8421709430404e-14
					],
					[
						26871.1656441718,
						0,
						5.6843418860808e-14
					],
					[
						27055.2147239264,
						1,
						1.13686837721616e-13
					],
					[
						27239.263803681,
						2,
						276.073619631901
					],
					[
						27607.3619631902,
						1,
						0
					],
					[
						27791.4110429448,
						2,
						276.073619631902
					]
				],
				"lengthInSteps": 16,
				"typeOfSection": 0,
				"events": [],
				"mustHitSection": true
			},
			{
				"sectionNotes": [
					[
						28159.509202454,
						3,
						2.8421709430404e-14
					],
					[
						28343.5582822086,
						0,
						0
					],
					[
						28527.6073619632,
						2,
						0
					],
					[
						28711.6564417178,
						3,
						276.073619631901
					],
					[
						29079.754601227,
						0,
						276.073619631901
					]
				],
				"lengthInSteps": 16,
				"typeOfSection": 0,
				"events": [],
				"mustHitSection": true
			},
			{
				"sectionNotes": [
					[
						29447.8527607362,
						5,
						0
					],
					[
						29447.8527607362,
						6,
						1104.29447852761
					],
					[
						29631.9018404908,
						0,
						2.8421709430404e-14
					],
					[
						29815.9509202454,
						2,
						5.6843418860808e-14
					],
					[
						30000,
						3,
						1.13686837721616e-13
					],
					[
						30184.0490797546,
						0,
						276.073619631901
					],
					[
						30552.1472392638,
						2,
						276.073619631902
					]
				],
				"lengthInSteps": 16,
				"typeOfSection": 0,
				"events": [],
				"mustHitSection": false
			},
			{
				"sectionNotes": [
					[
						30920.245398773,
						4,
						644.171779141106
					],
					[
						31104.2944785276,
						3,
						0
					],
					[
						31288.3435582822,
						2,
						0
					],
					[
						31472.3926380368,
						0,
						0
					],
					[
						31656.4417177914,
						5,
						644.171779141103
					],
					[
						31656.4417177914,
						2,
						276.073619631902
					],
					[
						32024.5398773006,
						1,
						276.073619631901
					]
				],
				"lengthInSteps": 16,
				"typeOfSection": 0,
				"events": [],
				"mustHitSection": false
			},
			{
				"sectionNotes": [
					[
						32392.6380368098,
						6,
						0
					],
					[
						32392.6380368098,
						7,
						1012.26993865031
					],
					[
						32576.6871165644,
						3,
						2.8421709430404e-14
					],
					[
						32668.7116564417,
						2,
						5.6843418860808e-14
					],
					[
						32760.736196319,
						0,
						5.6843418860808e-14
					],
					[
						32944.7852760736,
						2,
						0
					],
					[
						33128.8343558282,
						3,
						276.073619631898
					],
					[
						33496.9325153374,
						0,
						0
					],
					[
						33496.9325153374,
						4,
						276.073619631898
					],
					[
						33680.981595092,
						3,
						276.073619631902
					]
				],
				"lengthInSteps": 16,
				"typeOfSection": 0,
				"events": [],
				"mustHitSection": false
			},
			{
				"sectionNotes": [
					[
						33865.0306748466,
						7,
						644.171779141099
					],
					[
						34049.0797546012,
						2,
						2.8421709430404e-14
					],
					[
						34233.1288343558,
						1,
						5.6843418860808e-14
					],
					[
						34417.1779141104,
						2,
						0
					],
					[
						34601.226993865,
						0,
						276.073619631898
					],
					[
						34601.226993865,
						6,
						276.073619631898
					],
					[
						34969.3251533742,
						3,
						276.073619631898
					],
					[
						34969.3251533742,
						4,
						276.073619631898
					]
				],
				"lengthInSteps": 16,
				"typeOfSection": 0,
				"events": [],
				"mustHitSection": false
			},
			{
				"sectionNotes": [
					[
						35337.4233128834,
						1,
						1012.26993865032
					],
					[
						35337.4233128834,
						6,
						460.122699386506
					],
					[
						36441.717791411,
						3,
						276.073619631905
					]
				],
				"lengthInSteps": 16,
				"typeOfSection": 0,
				"events": [],
				"mustHitSection": true
			},
			{
				"sectionNotes": [
					[
						36809.8159509202,
						0,
						276.073619631905
					],
					[
						37177.9141104294,
						3,
						0
					],
					[
						37361.963190184,
						2,
						276.073619631905
					],
					[
						37730.0613496932,
						1,
						1.13686837721616e-13
					],
					[
						37914.1104294479,
						2,
						276.073619631905
					]
				],
				"lengthInSteps": 16,
				"typeOfSection": 0,
				"events": [],
				"mustHitSection": true
			},
			{
				"sectionNotes": [
					[
						38282.2085889571,
						0,
						644.171779141107
					],
					[
						39018.4049079755,
						1,
						1.13686837721616e-13
					],
					[
						39202.4539877301,
						2,
						1.13686837721616e-13
					],
					[
						39386.5030674847,
						3,
						276.073619631898
					]
				],
				"lengthInSteps": 16,
				"typeOfSection": 0,
				"events": [],
				"mustHitSection": true
			},
			{
				"typeOfSection": 0,
				"sectionNotes": [
					[
						39754.6012269939,
						0,
						276.073619631901
					],
					[
						40122.6993865031,
						1,
						0
					],
					[
						40306.7484662577,
						3,
						276.073619631898
					],
					[
						40674.8466257669,
						1,
						1.13686837721616e-13
					],
					[
						40858.8957055215,
						2,
						276.073619631898
					]
				],
				"lengthInSteps": 16,
				"events": [],
				"bpm": 100,
				"changeBPM": false,
				"mustHitSection": true
			},
			{
				"lengthInSteps": 16,
				"typeOfSection": 0,
				"sectionNotes": [
					[
						41226.9938650307,
						4,
						1012.2699386503
					],
					[
						41226.9938650307,
						2,
						368.098159509198
					],
					[
						42331.2883435583,
						5,
						1472.39263803681
					],
					[
						42331.2883435583,
						0,
						276.073619631905
					]
				],
				"events": [],
				"altAnim": false,
				"bpm": 100,
				"changeBPM": false,
				"mustHitSection": false
			},
			{
				"lengthInSteps": 16,
				"typeOfSection": 0,
				"sectionNotes": [
					[
						42699.3865030675,
						1,
						276.073619631901
					],
					[
						43067.4846625767,
						3,
						0
					],
					[
						43251.5337423313,
						2,
						276.073619631905
					],
					[
						43619.6319018405,
						0,
						0
					],
					[
						43803.6809815951,
						7,
						276.073619631905
					],
					[
						43803.6809815951,
						1,
						276.073619631905
					]
				],
				"events": [],
				"altAnim": false,
				"bpm": 164,
				"changeBPM": false,
				"mustHitSection": false
			},
			{
				"lengthInSteps": 16,
				"typeOfSection": 0,
				"sectionNotes": [
					[
						44171.7791411043,
						4,
						1380.36809815951
					],
					[
						44171.7791411043,
						3,
						276.073619631905
					],
					[
						44907.9754601227,
						0,
						276.073619631905
					],
					[
						45276.0736196319,
						2,
						276.073619631901
					]
				],
				"events": [],
				"altAnim": false,
				"bpm": 163,
				"changeBPM": false,
				"mustHitSection": false
			},
			{
				"lengthInSteps": 16,
				"typeOfSection": 0,
				"sectionNotes": [
					[
						45644.1717791411,
						6,
						368.0981595092
					],
					[
						45644.1717791411,
						3,
						276.073619631898
					],
					[
						46012.2699386503,
						0,
						5.6843418860808e-14
					],
					[
						46196.3190184049,
						2,
						276.073619631898
					],
					[
						46564.4171779141,
						1,
						1.13686837721616e-13
					],
					[
						46748.4662576687,
						2,
						276.073619631898
					]
				],
				"events": [],
				"altAnim": false,
				"bpm": 163,
				"changeBPM": false,
				"mustHitSection": false
			},
			{
				"lengthInSteps": 16,
				"typeOfSection": 0,
				"sectionNotes": [
					[
						47116.5644171779,
						7,
						460.122699386502
					],
					[
						47116.5644171779,
						1,
						0
					],
					[
						47116.5644171779,
						3,
						0
					],
					[
						47300.6134969325,
						0,
						2.8421709430404e-14
					],
					[
						47392.6380368098,
						3,
						0
					],
					[
						47484.6625766871,
						2,
						5.6843418860808e-14
					],
					[
						47668.7116564417,
						0,
						0
					],
					[
						47760.736196319,
						2,
						1.13686837721616e-13
					],
					[
						47852.7607361963,
						1,
						1.13686837721616e-13
					],
					[
						48036.8098159509,
						3,
						276.073619631905
					],
					[
						48404.9079754601,
						0,
						276.073619631902
					]
				],
				"events": [
					{
						"events": [
							{
								"args": [
									"mult",
									1.1
								],
								"name": "Scroll Velocity"
							}
						],
						"time": 47116.5644171779
					}
				],
				"altAnim": false,
				"bpm": 163,
				"changeBPM": false,
				"mustHitSection": true
			},
			{
				"lengthInSteps": 16,
				"typeOfSection": 0,
				"sectionNotes": [
					[
						48773.0061349693,
						2,
						2.8421709430404e-14
					],
					[
						48865.0306748466,
						3,
						0
					],
					[
						48957.0552147239,
						2,
						5.6843418860808e-14
					],
					[
						49141.1042944785,
						0,
						0
					],
					[
						49325.1533742331,
						2,
						0
					],
					[
						49509.2024539877,
						1,
						1.13686837721616e-13
					],
					[
						49601.226993865,
						0,
						0
					],
					[
						49693.2515337423,
						3,
						0
					],
					[
						49877.3006134969,
						1,
						0
					]
				],
				"events": [],
				"altAnim": false,
				"bpm": 163,
				"changeBPM": false,
				"mustHitSection": true
			},
			{
				"lengthInSteps": 16,
				"typeOfSection": 0,
				"sectionNotes": [
					[
						50061.3496932515,
						0,
						0
					],
					[
						50245.3987730061,
						2,
						0
					],
					[
						50613.4969325153,
						3,
						0
					],
					[
						50981.5950920245,
						0,
						1.13686837721616e-13
					],
					[
						51349.6932515337,
						2,
						276.073619631902
					]
				],
				"events": [],
				"altAnim": false,
				"bpm": 163,
				"changeBPM": false,
				"mustHitSection": true
			},
			{
				"lengthInSteps": 16,
				"typeOfSection": 0,
				"sectionNotes": [
					[
						51717.7914110429,
						3,
						2.8421709430404e-14
					],
					[
						51901.8404907975,
						0,
						276.073619631898
					],
					[
						52269.9386503068,
						1,
						276.073619631898
					],
					[
						52638.036809816,
						3,
						276.073619631898
					]
				],
				"events": [],
				"altAnim": false,
				"bpm": 163,
				"changeBPM": false,
				"mustHitSection": true
			},
			{
				"lengthInSteps": 16,
				"typeOfSection": 0,
				"sectionNotes": [
					[
						53006.1349693252,
						0,
						0
					],
					[
						53190.1840490798,
						2,
						2.8421709430404e-14
					],
					[
						53282.2085889571,
						3,
						5.6843418860808e-14
					],
					[
						53374.2331288344,
						2,
						5.6843418860808e-14
					],
					[
						53466.2576687117,
						0,
						5.6843418860808e-14
					],
					[
						53558.282208589,
						1,
						1.13686837721616e-13
					],
					[
						53650.3067484663,
						3,
						1.13686837721616e-13
					],
					[
						53742.3312883436,
						2,
						0
					],
					[
						53926.3803680982,
						1,
						0
					],
					[
						54110.4294478528,
						3,
						0
					],
					[
						54294.4785276074,
						2,
						2.27373675443232e-13
					]
				],
				"events": [],
				"altAnim": false,
				"bpm": 163,
				"changeBPM": false,
				"mustHitSection": true
			},
			{
				"lengthInSteps": 16,
				"typeOfSection": 0,
				"sectionNotes": [
					[
						54478.527607362,
						0,
						0
					],
					[
						54478.527607362,
						1,
						0
					],
					[
						54662.5766871166,
						3,
						2.8421709430404e-14
					],
					[
						55030.6748466258,
						2,
						276.073619631905
					],
					[
						55398.773006135,
						0,
						0
					],
					[
						55582.8220858896,
						2,
						0
					],
					[
						55766.8711656442,
						1,
						2.27373675443232e-13
					]
				],
				"events": [],
				"altAnim": false,
				"bpm": 163,
				"changeBPM": false,
				"mustHitSection": true
			},
			{
				"lengthInSteps": 16,
				"typeOfSection": 0,
				"sectionNotes": [
					[
						55950.9202453988,
						3,
						0
					],
					[
						56134.9693251534,
						1,
						2.8421709430404e-14
					],
					[
						56503.0674846626,
						2,
						1.13686837721616e-13
					],
					[
						56871.1656441718,
						0,
						0
					],
					[
						57239.263803681,
						2,
						2.27373675443232e-13
					],
					[
						57239.263803681,
						3,
						276.073619631902
					]
				],
				"events": [],
				"altAnim": false,
				"bpm": 163,
				"changeBPM": false,
				"mustHitSection": true
			},
			{
				"lengthInSteps": 16,
				"typeOfSection": 0,
				"sectionNotes": [
					[
						57607.3619631902,
						1,
						0
					],
					[
						57791.4110429448,
						0,
						5.6843418860808e-14
					],
					[
						57791.4110429448,
						2,
						276.073619631898
					],
					[
						58159.509202454,
						3,
						276.073619631898
					],
					[
						58527.6073619632,
						2,
						276.073619631898
					],
					[
						58527.6073619632,
						1,
						0
					]
				],
				"events": [],
				"altAnim": false,
				"bpm": 163,
				"changeBPM": false,
				"mustHitSection": true
			},
			{
				"lengthInSteps": 16,
				"typeOfSection": 0,
				"sectionNotes": [
					[
						58895.7055214724,
						4,
						1380.36809815952
					],
					[
						58895.7055214724,
						2,
						0
					],
					[
						59079.754601227,
						3,
						2.8421709430404e-14
					],
					[
						59171.7791411043,
						2,
						5.6843418860808e-14
					],
					[
						59263.8036809816,
						0,
						5.6843418860808e-14
					],
					[
						59447.8527607362,
						2,
						0
					],
					[
						59539.8773006135,
						3,
						0
					],
					[
						59631.9018404908,
						1,
						1.13686837721616e-13
					],
					[
						59815.9509202454,
						2,
						276.073619631905
					],
					[
						60184.0490797546,
						0,
						276.073619631902
					]
				],
				"events": [],
				"altAnim": false,
				"bpm": 163,
				"changeBPM": false,
				"mustHitSection": false
			},
			{
				"lengthInSteps": 16,
				"typeOfSection": 0,
				"sectionNotes": [
					[
						60552.1472392638,
						1,
						2.8421709430404e-14
					],
					[
						60644.1717791411,
						3,
						0
					],
					[
						60736.1963190184,
						0,
						0
					],
					[
						60920.245398773,
						2,
						0
					],
					[
						61104.2944785276,
						1,
						1.13686837721616e-13
					],
					[
						61288.3435582822,
						3,
						1.13686837721616e-13
					],
					[
						61380.3680981595,
						2,
						0
					],
					[
						61472.3926380368,
						0,
						2.27373675443232e-13
					],
					[
						61656.4417177914,
						2,
						0
					]
				],
				"events": [],
				"altAnim": false,
				"bpm": 163,
				"changeBPM": false,
				"mustHitSection": false
			},
			{
				"lengthInSteps": 16,
				"typeOfSection": 0,
				"sectionNotes": [
					[
						61840.490797546,
						3,
						6.46234853557053e-27
					],
					[
						62024.5398773006,
						2,
						2.8421709430404e-14
					],
					[
						62392.6380368098,
						0,
						0
					],
					[
						62760.736196319,
						3,
						1.13686837721616e-13
					],
					[
						63128.8343558282,
						1,
						276.073619631902
					],
					[
						63128.8343558282,
						5,
						276.073619631902
					]
				],
				"events": [],
				"altAnim": false,
				"bpm": 163,
				"changeBPM": false,
				"mustHitSection": false
			},
			{
				"lengthInSteps": 16,
				"typeOfSection": 0,
				"sectionNotes": [
					[
						63496.9325153374,
						0,
						2.8421709430404e-14
					],
					[
						63496.9325153374,
						4,
						2.8421709430404e-14
					],
					[
						63680.981595092,
						2,
						276.073619631898
					],
					[
						63680.981595092,
						6,
						276.073619631898
					],
					[
						64049.0797546012,
						3,
						276.073619631898
					],
					[
						64049.0797546012,
						7,
						276.073619631898
					],
					[
						64417.1779141104,
						4,
						276.073619631898
					],
					[
						64417.1779141104,
						0,
						276.073619631898
					]
				],
				"events": [],
				"altAnim": false,
				"bpm": 163,
				"changeBPM": false,
				"mustHitSection": false
			},
			{
				"lengthInSteps": 16,
				"typeOfSection": 0,
				"sectionNotes": [
					[
						64785.2760736196,
						6,
						644.171779141099
					],
					[
						64785.2760736196,
						2,
						0
					],
					[
						64969.3251533742,
						3,
						2.8421709430404e-14
					],
					[
						65061.3496932515,
						2,
						0
					],
					[
						65153.3742331288,
						1,
						0
					],
					[
						65245.3987730061,
						2,
						5.6843418860808e-14
					],
					[
						65337.4233128834,
						0,
						0
					],
					[
						65429.4478527607,
						1,
						1.13686837721616e-13
					],
					[
						65521.472392638,
						4,
						644.171779141099
					],
					[
						65521.472392638,
						3,
						0
					],
					[
						65705.5214723926,
						0,
						0
					],
					[
						65889.5705521472,
						2,
						2.27373675443232e-13
					],
					[
						66073.6196319018,
						1,
						0
					]
				],
				"events": [],
				"altAnim": false,
				"bpm": 163,
				"changeBPM": false,
				"mustHitSection": false
			},
			{
				"lengthInSteps": 16,
				"typeOfSection": 0,
				"sectionNotes": [
					[
						66257.6687116564,
						3,
						0
					],
					[
						66441.717791411,
						0,
						2.8421709430404e-14
					],
					[
						66809.8159509202,
						2,
						276.073619631901
					],
					[
						67177.9141104294,
						1,
						1.13686837721616e-13
					],
					[
						67361.963190184,
						0,
						0
					],
					[
						67546.0122699386,
						1,
						0
					]
				],
				"events": [],
				"altAnim": false,
				"bpm": 163,
				"changeBPM": false,
				"mustHitSection": false
			},
			{
				"lengthInSteps": 16,
				"typeOfSection": 0,
				"sectionNotes": [
					[
						67730.0613496932,
						3,
						0
					],
					[
						67914.1104294478,
						1,
						2.8421709430404e-14
					],
					[
						68282.208588957,
						2,
						0
					],
					[
						68650.3067484662,
						1,
						1.13686837721616e-13
					],
					[
						69018.4049079754,
						3,
						276.073619631902
					],
					[
						69018.4049079754,
						2,
						0
					]
				],
				"events": [],
				"altAnim": false,
				"bpm": 163,
				"changeBPM": false,
				"mustHitSection": false
			},
			{
				"lengthInSteps": 16,
				"typeOfSection": 0,
				"sectionNotes": [
					[
						69386.5030674846,
						1,
						2.8421709430404e-14
					],
					[
						69570.5521472393,
						2,
						276.073619631902
					],
					[
						69570.5521472393,
						0,
						0
					],
					[
						69938.6503067485,
						3,
						276.073619631902
					],
					[
						70306.7484662577,
						2,
						276.073619631902
					],
					[
						70306.7484662577,
						1,
						0
					]
				],
				"events": [],
				"altAnim": false,
				"bpm": 163,
				"changeBPM": false,
				"mustHitSection": false
			},
			{
				"lengthInSteps": 16,
				"typeOfSection": 0,
				"sectionNotes": [
					[
						70674.8466257669,
						2,
						0
					],
					[
						70858.8957055215,
						0,
						2.8421709430404e-14
					],
					[
						71042.9447852761,
						3,
						5.6843418860808e-14
					],
					[
						71226.9938650307,
						1,
						0
					],
					[
						71411.0429447853,
						3,
						1.13686837721616e-13
					],
					[
						71595.0920245399,
						0,
						1.13686837721616e-13
					],
					[
						71779.1411042945,
						3,
						2.27373675443232e-13
					],
					[
						71963.1901840491,
						2,
						2.27373675443232e-13
					]
				],
				"events": [],
				"altAnim": false,
				"bpm": 163,
				"changeBPM": false,
				"mustHitSection": true
			},
			{
				"lengthInSteps": 16,
				"typeOfSection": 0,
				"sectionNotes": [
					[
						72147.2392638037,
						0,
						644.171779141107
					],
					[
						72883.4355828221,
						1,
						644.171779141107
					]
				],
				"events": [],
				"altAnim": false,
				"bpm": 163,
				"changeBPM": false,
				"mustHitSection": true
			},
			{
				"lengthInSteps": 16,
				"typeOfSection": 0,
				"sectionNotes": [
					[
						73619.6319018405,
						3,
						276.073619631905
					],
					[
						73987.7300613497,
						0,
						276.073619631905
					],
					[
						74355.8282208589,
						3,
						276.073619631901
					],
					[
						74723.9263803681,
						2,
						276.073619631905
					],
					[
						74723.9263803681,
						7,
						276.073619631905
					]
				],
				"events": [],
				"altAnim": false,
				"bpm": 163,
				"changeBPM": false,
				"mustHitSection": true
			},
			{
				"lengthInSteps": 16,
				"typeOfSection": 0,
				"sectionNotes": [
					[
						75092.0245398773,
						4,
						276.073619631905
					],
					[
						75092.0245398773,
						2,
						0
					],
					[
						75092.0245398773,
						0,
						276.073619631905
					],
					[
						75460.1226993865,
						6,
						5.6843418860808e-14
					],
					[
						75460.1226993865,
						1,
						276.073619631905
					],
					[
						75644.1717791411,
						7,
						0
					],
					[
						75828.2208588957,
						4,
						276.073619631905
					],
					[
						75828.2208588957,
						2,
						276.073619631905
					],
					[
						76196.3190184049,
						5,
						276.073619631905
					],
					[
						76196.3190184049,
						1,
						276.073619631905
					]
				],
				"events": [],
				"altAnim": false,
				"bpm": 163,
				"changeBPM": false,
				"mustHitSection": false
			},
			{
				"lengthInSteps": 16,
				"typeOfSection": 0,
				"sectionNotes": [
					[
						76564.4171779141,
						7,
						644.171779141107
					],
					[
						76564.4171779141,
						2,
						0
					],
					[
						76748.4662576687,
						3,
						0
					],
					[
						76932.5153374233,
						0,
						5.6843418860808e-14
					],
					[
						77116.5644171779,
						3,
						0
					],
					[
						77300.6134969325,
						4,
						644.171779141107
					],
					[
						77300.6134969325,
						2,
						1.13686837721616e-13
					],
					[
						77484.6625766871,
						0,
						1.13686837721616e-13
					],
					[
						77668.7116564417,
						1,
						2.27373675443232e-13
					],
					[
						77852.7607361963,
						3,
						2.27373675443232e-13
					]
				],
				"events": [],
				"altAnim": false,
				"bpm": 163,
				"changeBPM": false,
				"mustHitSection": false
			},
			{
				"lengthInSteps": 16,
				"typeOfSection": 0,
				"sectionNotes": [
					[
						78036.8098159509,
						5,
						276.07361963189
					],
					[
						78036.8098159509,
						1,
						0
					],
					[
						78036.8098159509,
						0,
						368.098159509202
					],
					[
						78404.9079754601,
						7,
						0
					],
					[
						78588.9570552147,
						5,
						0
					],
					[
						78773.0061349693,
						6,
						276.07361963189
					],
					[
						78773.0061349693,
						3,
						644.171779141092
					],
					[
						79141.1042944785,
						4,
						276.073619631891
					]
				],
				"events": [],
				"altAnim": false,
				"bpm": 163,
				"changeBPM": false,
				"mustHitSection": false
			},
			{
				"sectionNotes": [
					[
						79509.2024539877,
						1,
						0
					],
					[
						79509.2024539877,
						2,
						276.073619631893
					],
					[
						79509.2024539877,
						6,
						1380.3680981595
					],
					[
						79877.3006134969,
						0,
						276.07361963189
					],
					[
						80245.3987730061,
						3,
						276.07361963189
					],
					[
						80613.4969325153,
						1,
						276.073619631891
					]
				],
				"typeOfSection": 0,
				"lengthInSteps": 16,
				"events": [],
				"altAnim": false,
				"mustHitSection": false,
				"changeBPM": false,
				"bpm": 163
			},
			{
				"sectionNotes": [
					[
						80981.5950920245,
						4,
						1196.31901840491
					],
					[
						80981.5950920245,
						0,
						0
					],
					[
						81533.7423312883,
						1,
						0
					],
					[
						81717.7914110429,
						3,
						276.073619631894
					],
					[
						82085.8895705521,
						1,
						276.073619631905
					]
				],
				"typeOfSection": 0,
				"lengthInSteps": 16,
				"events": [],
				"altAnim": false,
				"mustHitSection": false,
				"changeBPM": false,
				"bpm": 163
			},
			{
				"sectionNotes": [
					[
						82453.9877300613,
						2,
						368.098159509202
					],
					[
						82453.9877300613,
						6,
						1380.36809815951
					]
				],
				"typeOfSection": 0,
				"lengthInSteps": 16,
				"events": [],
				"altAnim": false,
				"mustHitSection": false,
				"changeBPM": false,
				"bpm": 163
			},
			{
				"sectionNotes": [
					[
						83926.3803680982,
						3,
						276.073619631905
					],
					[
						84294.4785276074,
						1,
						276.073619631909
					],
					[
						84662.5766871166,
						2,
						276.073619631905
					],
					[
						85030.6748466258,
						1,
						276.073619631905
					]
				],
				"typeOfSection": 0,
				"lengthInSteps": 16,
				"events": [],
				"altAnim": false,
				"mustHitSection": false,
				"changeBPM": false,
				"bpm": 163
			},
			{
				"sectionNotes": [
					[
						85398.773006135,
						0,
						368.098159509206
					],
					[
						85398.773006135,
						6,
						276.073619631905
					],
					[
						85766.8711656442,
						7,
						276.073619631905
					],
					[
						86134.9693251534,
						4,
						276.073619631916
					],
					[
						86503.0674846626,
						6,
						276.073619631905
					]
				],
				"typeOfSection": 0,
				"lengthInSteps": 16,
				"events": [],
				"altAnim": false,
				"mustHitSection": false,
				"changeBPM": false,
				"bpm": 163
			},
			{
				"sectionNotes": [
					[
						86871.1656441718,
						2,
						276.073619631905
					],
					[
						86871.1656441718,
						5,
						644.171779141103
					],
					[
						87239.263803681,
						1,
						276.073619631905
					],
					[
						87607.3619631902,
						3,
						276.073619631905
					],
					[
						87607.3619631902,
						6,
						644.171779141107
					],
					[
						87975.4601226994,
						1,
						276.073619631905
					]
				],
				"typeOfSection": 0,
				"lengthInSteps": 16,
				"events": [],
				"altAnim": false,
				"mustHitSection": false,
				"changeBPM": false,
				"bpm": 163
			},
			{
				"sectionNotes": [
					[
						88343.5582822086,
						2,
						276.073619631905
					],
					[
						88343.5582822086,
						7,
						644.171779141107
					],
					[
						88711.6564417178,
						1,
						368.098159509212
					],
					[
						89079.754601227,
						4,
						276.073619631901
					],
					[
						89447.8527607362,
						5,
						276.073619631905
					]
				],
				"typeOfSection": 0,
				"lengthInSteps": 16,
				"events": [],
				"altAnim": false,
				"mustHitSection": false,
				"changeBPM": false,
				"bpm": 163
			},
			{
				"sectionNotes": [
					[
						89815.9509202454,
						6,
						276.073619631905
					],
					[
						89815.9509202454,
						2,
						552.147239263817
					],
					[
						90184.0490797546,
						4,
						276.07361963189
					],
					[
						90552.1472392638,
						7,
						276.073619631894
					],
					[
						90552.1472392638,
						1,
						460.122699386499
					],
					[
						90920.245398773,
						5,
						276.07361963189
					]
				],
				"typeOfSection": 0,
				"lengthInSteps": 16,
				"events": [],
				"altAnim": false,
				"mustHitSection": false,
				"changeBPM": false,
				"bpm": 163
			},
			{
				"sectionNotes": [
					[
						91288.3435582822,
						6,
						644.171779141092
					],
					[
						91288.3435582822,
						3,
						552.147239263795
					],
					[
						92024.5398773006,
						4,
						276.073619631894
					],
					[
						92392.6380368098,
						7,
						276.07361963189
					],
					[
						92392.6380368098,
						0,
						276.07361963189
					]
				],
				"typeOfSection": 0,
				"lengthInSteps": 16,
				"events": [],
				"altAnim": false,
				"mustHitSection": false,
				"changeBPM": false,
				"bpm": 163
			},
			{
				"sectionNotes": [
					[
						92760.736196319,
						5,
						276.073619631905
					],
					[
						92760.736196319,
						1,
						460.122699386498
					],
					[
						93128.8343558282,
						6,
						276.073619631905
					],
					[
						93496.9325153374,
						4,
						276.073619631901
					],
					[
						93496.9325153374,
						3,
						460.122699386499
					],
					[
						93865.0306748466,
						7,
						276.073619631905
					]
				],
				"typeOfSection": 0,
				"lengthInSteps": 16,
				"events": [],
				"altAnim": false,
				"mustHitSection": false,
				"changeBPM": false,
				"bpm": 163
			},
			{
				"sectionNotes": [
					[
						94233.1288343558,
						6,
						644.171779141107
					],
					[
						94969.3251533741,
						0,
						0,
						"Ghost Note"
					],
					[
						94969.3251533741,
						3,
						0,
						"Ghost Note"
					],
					[
						94877.3006134968,
						1,
						0,
						"Ghost Note"
					],
					[
						94785.2760736195,
						2,
						0,
						"Ghost Note"
					],
					[
						95153.3742331287,
						1,
						0,
						"Ghost Note"
					],
					[
						95337.4233128833,
						2,
						0,
						"Ghost Note"
					],
					[
						95337.4233128833,
						3,
						0,
						"Ghost Note"
					],
					[
						95521.4723926379,
						0,
						0,
						"Ghost Note"
					]
				],
				"typeOfSection": 0,
				"lengthInSteps": 16,
				"events": [],
				"altAnim": false,
				"mustHitSection": true,
				"changeBPM": false,
				"bpm": 163
			},
			{
				"sectionNotes": [
					[
						95705.5214723925,
						1,
						0,
						"Ghost Note"
					],
					[
						95889.5705521471,
						3,
						0,
						"Ghost Note"
					],
					[
						95981.5950920244,
						1,
						0,
						"Ghost Note"
					],
					[
						96073.6196319017,
						2,
						0,
						"Ghost Note"
					],
					[
						96257.6687116563,
						0,
						0,
						"Ghost Note"
					],
					[
						96349.6932515336,
						1,
						0,
						"Ghost Note"
					],
					[
						96441.7177914109,
						2,
						0,
						"Ghost Note"
					],
					[
						96441.7177914109,
						3,
						0,
						"Ghost Note"
					],
					[
						96625.7668711655,
						1,
						0,
						"Ghost Note"
					],
					[
						96809.8159509201,
						2,
						0,
						"Ghost Note"
					],
					[
						96993.8650306747,
						0,
						0,
						"Ghost Note"
					],
					[
						96993.8650306747,
						3,
						0,
						"Ghost Note"
					]
				],
				"typeOfSection": 0,
				"lengthInSteps": 16,
				"events": [],
				"altAnim": false,
				"mustHitSection": true,
				"changeBPM": false,
				"bpm": 163
			},
			{
				"sectionNotes": [
					[
						97177.9141104293,
						1,
						0,
						"Ghost Note"
					],
					[
						97361.9631901839,
						2,
						0,
						"Ghost Note"
					],
					[
						97546.0122699385,
						3,
						0,
						"Ghost Note"
					],
					[
						97730.0613496931,
						1,
						0,
						"Ghost Note"
					],
					[
						97914.1104294477,
						2,
						0,
						"Ghost Note"
					],
					[
						97914.1104294477,
						0,
						0,
						"Ghost Note"
					],
					[
						98098.1595092023,
						1,
						0,
						"Ghost Note"
					],
					[
						98282.2085889569,
						3,
						0,
						"Ghost Note"
					],
					[
						98466.2576687115,
						2,
						0,
						"Ghost Note"
					]
				],
				"typeOfSection": 0,
				"lengthInSteps": 16,
				"events": [],
				"altAnim": false,
				"mustHitSection": true,
				"changeBPM": false,
				"bpm": 163
			},
			{
				"sectionNotes": [
					[
						98650.3067484661,
						1,
						0,
						"Ghost Note"
					],
					[
						98834.3558282207,
						3,
						0,
						"Ghost Note"
					],
					[
						98926.380368098,
						1,
						0,
						"Ghost Note"
					],
					[
						99018.4049079753,
						0,
						0,
						"Ghost Note"
					],
					[
						99202.4539877299,
						1,
						0,
						"Ghost Note"
					],
					[
						99294.4785276072,
						2,
						0,
						"Ghost Note"
					],
					[
						99386.5030674845,
						3,
						0,
						"Ghost Note"
					],
					[
						99386.5030674845,
						0,
						0,
						"Ghost Note"
					],
					[
						99570.5521472391,
						1,
						0,
						"Ghost Note"
					],
					[
						99754.6012269937,
						2,
						0,
						"Ghost Note"
					],
					[
						99938.6503067483,
						1,
						0,
						"Ghost Note"
					]
				],
				"typeOfSection": 0,
				"lengthInSteps": 16,
				"events": [],
				"altAnim": false,
				"mustHitSection": true,
				"changeBPM": false,
				"bpm": 163
			},
			{
				"sectionNotes": [
					[
						100122.699386503,
						3,
						0,
						"Ghost Note"
					],
					[
						100490.797546012,
						2,
						0,
						"Ghost Note"
					],
					[
						100858.895705521,
						0,
						0,
						"Ghost Note"
					],
					[
						100858.895705521,
						3,
						0,
						"Ghost Note"
					],
					[
						101226.993865031,
						2,
						0,
						"Ghost Note"
					],
					[
						101411.042944785,
						1,
						0,
						"Ghost Note"
					]
				],
				"typeOfSection": 0,
				"lengthInSteps": 16,
				"events": [],
				"altAnim": false,
				"mustHitSection": true,
				"changeBPM": false,
				"bpm": 163
			},
			{
				"sectionNotes": [
					[
						101595.09202454,
						0,
						0,
						"Ghost Note"
					],
					[
						101779.141104294,
						3,
						0,
						"Ghost Note"
					],
					[
						101963.190184049,
						1,
						0,
						"Ghost Note"
					],
					[
						102147.239263804,
						2,
						0,
						"Ghost Note"
					],
					[
						102331.288343558,
						1,
						0,
						"Ghost Note"
					],
					[
						102331.288343558,
						0,
						0,
						"Ghost Note"
					],
					[
						102699.386503067,
						2,
						0,
						"Ghost Note"
					],
					[
						102515.337423313,
						3,
						0,
						"Ghost Note"
					],
					[
						102883.435582822,
						1,
						0,
						"Ghost Note"
					]
				],
				"typeOfSection": 0,
				"lengthInSteps": 16,
				"events": [],
				"altAnim": false,
				"mustHitSection": true,
				"changeBPM": false,
				"bpm": 163
			},
			{
				"sectionNotes": [
					[
						103067.484662577,
						2,
						0,
						"Ghost Note"
					],
					[
						103251.533742331,
						0,
						0,
						"Ghost Note"
					],
					[
						103435.582822086,
						3,
						0,
						"Ghost Note"
					],
					[
						103619.63190184,
						0,
						0,
						"Ghost Note"
					],
					[
						103803.680981595,
						1,
						0,
						"Ghost Note"
					],
					[
						103803.680981595,
						2,
						0,
						"Ghost Note"
					],
					[
						103987.73006135,
						3,
						0,
						"Ghost Note"
					],
					[
						104171.779141104,
						0,
						0,
						"Ghost Note"
					],
					[
						104355.828220859,
						1,
						0,
						"Ghost Note"
					]
				],
				"typeOfSection": 0,
				"lengthInSteps": 16,
				"events": [],
				"altAnim": false,
				"mustHitSection": true,
				"changeBPM": false,
				"bpm": 163
			},
			{
				"sectionNotes": [
					[
						104539.877300613,
						2,
						0,
						"Ghost Note"
					],
					[
						104723.926380368,
						1,
						0,
						"Ghost Note"
					],
					[
						104907.975460123,
						3,
						0,
						"Ghost Note"
					],
					[
						105092.024539877,
						1,
						0,
						"Ghost Note"
					],
					[
						105276.073619632,
						2,
						0,
						"Ghost Note"
					],
					[
						105460.122699386,
						0,
						0,
						"Ghost Note"
					],
					[
						105644.171779141,
						3,
						0,
						"Ghost Note"
					],
					[
						105828.220858896,
						1,
						0,
						"Ghost Note"
					]
				],
				"typeOfSection": 0,
				"lengthInSteps": 16,
				"events": [],
				"altAnim": false,
				"mustHitSection": true,
				"changeBPM": false,
				"bpm": 163
			},
			{
				"sectionNotes": [
					[
						106564.417177914,
						1,
						0,
						"Ghost Note"
					],
					[
						106656.441717791,
						3,
						0,
						"Ghost Note"
					],
					[
						106748.466257669,
						2,
						0,
						"Ghost Note"
					],
					[
						106748.466257669,
						1,
						0,
						"Ghost Note"
					],
					[
						106932.515337423,
						0,
						0,
						"Ghost Note"
					],
					[
						107116.564417178,
						1,
						0,
						"Ghost Note"
					],
					[
						107300.613496932,
						3,
						0,
						"Ghost Note"
					]
				],
				"typeOfSection": 0,
				"lengthInSteps": 16,
				"events": [],
				"altAnim": false,
				"mustHitSection": false,
				"changeBPM": false,
				"bpm": 163
			},
			{
				"sectionNotes": [
					[
						107484.662576687,
						1,
						0,
						"Ghost Note"
					],
					[
						107668.711656442,
						0,
						0,
						"Ghost Note"
					],
					[
						107760.736196319,
						1,
						0,
						"Ghost Note"
					],
					[
						107852.760736196,
						2,
						0,
						"Ghost Note"
					],
					[
						108036.809815951,
						3,
						0,
						"Ghost Note"
					],
					[
						108128.834355828,
						2,
						0,
						"Ghost Note"
					],
					[
						108220.858895705,
						1,
						0,
						"Ghost Note"
					],
					[
						108220.858895705,
						0,
						0,
						"Ghost Note"
					],
					[
						108404.90797546,
						3,
						0,
						"Ghost Note"
					],
					[
						108588.957055215,
						2,
						0,
						"Ghost Note"
					],
					[
						108773.006134969,
						0,
						0,
						"Ghost Note"
					]
				],
				"typeOfSection": 0,
				"lengthInSteps": 16,
				"events": [],
				"altAnim": false,
				"mustHitSection": false,
				"changeBPM": false,
				"bpm": 163
			},
			{
				"sectionNotes": [
					[
						108957.055214724,
						3,
						0,
						"Ghost Note"
					],
					[
						109141.104294478,
						2,
						0,
						"Ghost Note"
					],
					[
						109325.153374233,
						0,
						0,
						"Ghost Note"
					],
					[
						109509.202453988,
						3,
						0,
						"Ghost Note"
					],
					[
						109693.251533742,
						1,
						0,
						"Ghost Note"
					],
					[
						109693.251533742,
						0,
						0,
						"Ghost Note"
					],
					[
						109877.300613497,
						2,
						0,
						"Ghost Note"
					],
					[
						110061.349693251,
						3,
						0,
						"Ghost Note"
					],
					[
						110245.398773006,
						0,
						0,
						"Ghost Note"
					]
				],
				"typeOfSection": 0,
				"lengthInSteps": 16,
				"events": [],
				"altAnim": false,
				"mustHitSection": false,
				"changeBPM": false,
				"bpm": 163
			},
			{
				"sectionNotes": [
					[
						110429.447852761,
						2,
						0,
						"Ghost Note"
					],
					[
						110613.496932515,
						0,
						0,
						"Ghost Note"
					],
					[
						110705.521472392,
						1,
						0,
						"Ghost Note"
					],
					[
						110797.54601227,
						3,
						0,
						"Ghost Note"
					],
					[
						110981.595092024,
						0,
						0,
						"Ghost Note"
					],
					[
						111165.644171779,
						1,
						0,
						"Ghost Note"
					],
					[
						111165.644171779,
						2,
						0,
						"Ghost Note"
					],
					[
						111349.693251534,
						3,
						0,
						"Ghost Note"
					],
					[
						111533.742331288,
						0,
						0,
						"Ghost Note"
					],
					[
						111717.791411043,
						2,
						0,
						"Ghost Note"
					]
				],
				"typeOfSection": 0,
				"lengthInSteps": 16,
				"events": [],
				"altAnim": false,
				"mustHitSection": false,
				"changeBPM": false,
				"bpm": 163
			},
			{
				"lengthInSteps": 16,
				"typeOfSection": 0,
				"sectionNotes": [
					[
						111901.840490797,
						1,
						276.073619631902,
						"Ghost Note"
					],
					[
						112269.938650307,
						2,
						276.073619631902,
						"Ghost Note"
					],
					[
						112638.036809816,
						3,
						0,
						"Ghost Note"
					],
					[
						112638.036809816,
						0,
						276.073619631902,
						"Ghost Note"
					],
					[
						113006.134969325,
						1,
						0,
						"Ghost Note"
					],
					[
						113190.18404908,
						2,
						0,
						"Ghost Note"
					]
				],
				"events": [],
				"altAnim": false,
				"bpm": 163,
				"changeBPM": false,
				"mustHitSection": false
			},
			{
				"lengthInSteps": 16,
				"typeOfSection": 0,
				"sectionNotes": [
					[
						113374.233128834,
						3,
						0,
						"Ghost Note"
					],
					[
						113558.282208589,
						0,
						0,
						"Ghost Note"
					],
					[
						113742.331288343,
						2,
						0,
						"Ghost Note"
					],
					[
						113926.380368098,
						3,
						0,
						"Ghost Note"
					],
					[
						114110.429447853,
						2,
						0,
						"Ghost Note"
					],
					[
						114110.429447853,
						1,
						0,
						"Ghost Note"
					],
					[
						114294.478527607,
						0,
						0,
						"Ghost Note"
					],
					[
						114478.527607362,
						2,
						0,
						"Ghost Note"
					],
					[
						114662.576687116,
						1,
						0,
						"Ghost Note"
					]
				],
				"events": [],
				"altAnim": false,
				"bpm": 163,
				"changeBPM": false,
				"mustHitSection": false
			},
			{
				"lengthInSteps": 16,
				"typeOfSection": 0,
				"sectionNotes": [
					[
						114846.625766871,
						2,
						0,
						"Ghost Note"
					],
					[
						115030.674846626,
						3,
						0,
						"Ghost Note"
					],
					[
						115214.72392638,
						0,
						0,
						"Ghost Note"
					],
					[
						115398.773006135,
						1,
						0,
						"Ghost Note"
					],
					[
						115582.822085889,
						2,
						0,
						"Ghost Note"
					],
					[
						115582.822085889,
						3,
						0,
						"Ghost Note"
					],
					[
						115766.871165644,
						0,
						0,
						"Ghost Note"
					],
					[
						115950.920245399,
						1,
						0,
						"Ghost Note"
					],
					[
						116134.969325153,
						0,
						0,
						"Ghost Note"
					]
				],
				"events": [],
				"altAnim": false,
				"bpm": 163,
				"changeBPM": false,
				"mustHitSection": false
			},
			{
				"lengthInSteps": 16,
				"typeOfSection": 0,
				"sectionNotes": [
					[
						116319.018404908,
						2,
						0,
						"Ghost Note"
					],
					[
						116503.067484662,
						1,
						0,
						"Ghost Note"
					],
					[
						116687.116564417,
						3,
						0,
						"Ghost Note"
					],
					[
						116871.165644172,
						0,
						0,
						"Ghost Note"
					],
					[
						117055.214723926,
						1,
						0,
						"Ghost Note"
					],
					[
						117055.214723926,
						2,
						0,
						"Ghost Note"
					],
					[
						117239.263803681,
						3,
						0,
						"Ghost Note"
					],
					[
						117423.312883435,
						1,
						0,
						"Ghost Note"
					],
					[
						117607.36196319,
						0,
						0,
						"Ghost Note"
					]
				],
				"events": [],
				"altAnim": false,
				"bpm": 163,
				"changeBPM": false,
				"mustHitSection": false
			},
			{
				"lengthInSteps": 16,
				"typeOfSection": 0,
				"sectionNotes": [
					[
						117791.411042945,
						1,
						368.09815950922
					]
				],
				"events": [],
				"altAnim": false,
				"bpm": 163,
				"changeBPM": false,
				"mustHitSection": false
			},
			{
				"lengthInSteps": 16,
				"typeOfSection": 0,
				"sectionNotes": [
					[
						120368.098159509,
						3,
						2.27373675443232e-13
					],
					[
						120552.147239264,
						2,
						0
					]
				],
				"events": [],
				"altAnim": false,
				"bpm": 163,
				"changeBPM": false,
				"mustHitSection": false
			},
			{
				"lengthInSteps": 16,
				"typeOfSection": 0,
				"sectionNotes": [
					[
						120736.196319018,
						0,
						276.073619631905
					],
					[
						121104.294478528,
						3,
						368.098159509206
					]
				],
				"events": [],
				"altAnim": false,
				"bpm": 163,
				"changeBPM": false,
				"mustHitSection": false
			},
			{
				"lengthInSteps": 16,
				"typeOfSection": 0,
				"sectionNotes": [],
				"events": [],
				"altAnim": false,
				"bpm": 163,
				"changeBPM": false,
				"mustHitSection": true
			},
			{
				"lengthInSteps": 16,
				"typeOfSection": 0,
				"sectionNotes": [
					[
						124049.079754601,
						2,
						276.073619631901
					],
					[
						124417.17791411,
						0,
						276.073619631901
					],
					[
						124785.27607362,
						1,
						2.27373675443232e-13
					],
					[
						124969.325153374,
						2,
						0
					]
				],
				"events": [],
				"altAnim": false,
				"bpm": 163,
				"changeBPM": false,
				"mustHitSection": true
			},
			{
				"lengthInSteps": 16,
				"typeOfSection": 0,
				"sectionNotes": [
					[
						125153.374233129,
						3,
						0
					],
					[
						125337.423312883,
						1,
						2.8421709430404e-14
					],
					[
						125705.521472393,
						2,
						276.073619631905
					],
					[
						126073.619631902,
						0,
						1.13686837721616e-13
					],
					[
						126257.668711656,
						3,
						0
					],
					[
						126441.717791411,
						1,
						460.122699386503
					]
				],
				"events": [],
				"altAnim": false,
				"bpm": 163,
				"changeBPM": false,
				"mustHitSection": true
			},
			{
				"lengthInSteps": 16,
				"typeOfSection": 0,
				"sectionNotes": [
					[
						126993.865030675,
						2,
						276.073619631902
					],
					[
						127361.963190184,
						0,
						276.073619631902
					],
					[
						127730.061349693,
						3,
						2.27373675443232e-13
					],
					[
						127914.110429448,
						1,
						0
					]
				],
				"events": [],
				"altAnim": false,
				"bpm": 163,
				"changeBPM": false,
				"mustHitSection": true
			},
			{
				"lengthInSteps": 16,
				"typeOfSection": 0,
				"sectionNotes": [
					[
						128098.159509202,
						2,
						0
					],
					[
						128282.208588957,
						1,
						2.8421709430404e-14
					],
					[
						128466.257668712,
						3,
						0
					],
					[
						128466.257668712,
						0,
						0
					],
					[
						128650.306748466,
						2,
						276.07361963192
					],
					[
						129018.404907975,
						1,
						1.13686837721616e-13
					],
					[
						129202.45398773,
						3,
						2.27373675443232e-13
					],
					[
						129202.45398773,
						2,
						2.27373675443232e-13
					],
					[
						129386.503067485,
						0,
						0
					]
				],
				"events": [],
				"altAnim": false,
				"bpm": 163,
				"changeBPM": false,
				"mustHitSection": true
			},
			{
				"lengthInSteps": 16,
				"typeOfSection": 0,
				"sectionNotes": [
					[
						129570.552147239,
						6,
						0
					],
					[
						129570.552147239,
						5,
						1012.2699386503
					],
					[
						129938.650306748,
						3,
						276.073619631902
					],
					[
						130306.748466258,
						2,
						276.073619631902
					],
					[
						130674.846625767,
						1,
						2.27373675443232e-13
					],
					[
						130858.895705521,
						3,
						0
					]
				],
				"events": [],
				"altAnim": false,
				"bpm": 163,
				"changeBPM": false,
				"mustHitSection": false
			},
			{
				"lengthInSteps": 16,
				"typeOfSection": 0,
				"sectionNotes": [
					[
						131042.944785276,
						0,
						0
					],
					[
						131226.993865031,
						1,
						2.8421709430404e-14
					],
					[
						131595.09202454,
						2,
						276.073619631934
					],
					[
						131779.141104294,
						6,
						644.171779141121
					],
					[
						131963.190184049,
						0,
						0
					],
					[
						132147.239263804,
						1,
						2.27373675443232e-13
					],
					[
						132331.288343558,
						3,
						368.098159509202
					]
				],
				"events": [],
				"altAnim": false,
				"bpm": 163,
				"changeBPM": false,
				"mustHitSection": false
			},
			{
				"lengthInSteps": 16,
				"typeOfSection": 0,
				"sectionNotes": [
					[
						132515.337423313,
						7,
						0
					],
					[
						132515.337423313,
						4,
						1380.3680981595
					],
					[
						132883.435582822,
						0,
						276.073619631905
					],
					[
						133251.533742331,
						1,
						276.073619631905
					],
					[
						133619.63190184,
						2,
						2.27373675443232e-13
					],
					[
						133803.680981595,
						1,
						0
					]
				],
				"events": [],
				"altAnim": false,
				"bpm": 163,
				"changeBPM": false,
				"mustHitSection": false
			},
			{
				"lengthInSteps": 16,
				"typeOfSection": 0,
				"sectionNotes": [
					[
						133987.73006135,
						5,
						2.58493941422821e-26
					],
					[
						133987.73006135,
						3,
						2.58493941422821e-26
					],
					[
						133987.73006135,
						6,
						1104.2944785276
					],
					[
						134171.779141104,
						0,
						2.8421709430404e-14
					],
					[
						134355.828220859,
						2,
						0
					],
					[
						134539.877300613,
						1,
						276.073619631934
					],
					[
						134907.975460123,
						2,
						0
					],
					[
						135092.024539877,
						3,
						2.27373675443232e-13
					],
					[
						135276.073619632,
						0,
						0
					]
				],
				"events": [],
				"altAnim": false,
				"bpm": 163,
				"changeBPM": false,
				"mustHitSection": false
			},
			{
				"lengthInSteps": 16,
				"typeOfSection": 0,
				"sectionNotes": [
					[
						135460.122699386,
						5,
						460.122699386488
					],
					[
						135460.122699386,
						3,
						368.098159509187
					],
					[
						136196.319018405,
						0,
						644.1717791411
					]
				],
				"events": [],
				"altAnim": false,
				"bpm": 163,
				"changeBPM": false,
				"mustHitSection": true
			},
			{
				"lengthInSteps": 16,
				"typeOfSection": 0,
				"sectionNotes": [
					[
						136932.515337423,
						1,
						644.1717791411
					],
					[
						137668.711656442,
						2,
						644.1717791411
					]
				],
				"events": [],
				"altAnim": false,
				"bpm": 163,
				"changeBPM": false,
				"mustHitSection": true
			},
			{
				"lengthInSteps": 16,
				"typeOfSection": 0,
				"sectionNotes": [
					[
						138404.90797546,
						3,
						2.58493941422821e-26
					],
					[
						138588.957055215,
						1,
						2.8421709430404e-14
					],
					[
						138680.981595092,
						0,
						5.6843418860808e-14
					],
					[
						138773.006134969,
						1,
						0
					],
					[
						138773.006134969,
						2,
						0
					],
					[
						138957.055214724,
						3,
						460.122699386498
					],
					[
						139509.202453988,
						1,
						2.27373675443232e-13
					],
					[
						139693.251533742,
						2,
						0
					]
				],
				"events": [],
				"altAnim": false,
				"bpm": 163,
				"changeBPM": false,
				"mustHitSection": true
			},
			{
				"sectionNotes": [
					[
						139877.300613497,
						1,
						2.58493941422821e-26
					],
					[
						140061.349693252,
						0,
						2.8421709430404e-14
					],
					[
						140153.374233129,
						1,
						5.6843418860808e-14
					],
					[
						140245.398773006,
						2,
						0
					],
					[
						140245.398773006,
						3,
						0
					],
					[
						140429.447852761,
						0,
						276.073619631905
					],
					[
						140797.54601227,
						2,
						0
					],
					[
						140981.595092025,
						1,
						276.073619631934
					]
				],
				"typeOfSection": 0,
				"lengthInSteps": 16,
				"events": [],
				"altAnim": false,
				"mustHitSection": true,
				"changeBPM": false,
				"bpm": 163
			},
			{
				"sectionNotes": [
					[
						141349.693251534,
						3,
						644.171779141139
					],
					[
						142085.889570552,
						2,
						644.171779141092
					]
				],
				"typeOfSection": 0,
				"lengthInSteps": 16,
				"events": [],
				"altAnim": false,
				"mustHitSection": true,
				"changeBPM": false,
				"bpm": 163
			},
			{
				"lengthInSteps": 16,
				"typeOfSection": 0,
				"sectionNotes": [
					[
						142822.085889571,
						1,
						460.122699386498
					],
					[
						143374.233128834,
						0,
						0
					],
					[
						143558.282208589,
						3,
						644.171779141092
					]
				],
				"events": [],
				"altAnim": false,
				"bpm": 163,
				"changeBPM": false,
				"mustHitSection": true
			},
			{
				"lengthInSteps": 16,
				"typeOfSection": 0,
				"sectionNotes": [
					[
						144294.478527607,
						2,
						1012.26993865032
					],
					[
						145398.773006135,
						0,
						2.27373675443232e-13
					],
					[
						145582.82208589,
						1,
						2.27373675443232e-13
					]
				],
				"events": [],
				"altAnim": false,
				"bpm": 163,
				"changeBPM": false,
				"mustHitSection": true
			},
			{
				"lengthInSteps": 16,
				"typeOfSection": 0,
				"sectionNotes": [
					[
						145766.871165644,
						3,
						1380.3680981595
					]
				],
				"events": [],
				"altAnim": false,
				"bpm": 163,
				"changeBPM": false,
				"mustHitSection": true
			},
			{
				"lengthInSteps": 16,
				"typeOfSection": 0,
				"sectionNotes": [
					[
						147239.263803681,
						6,
						1380.3680981595
					],
					[
						147239.263803681,
						3,
						552.147239263788
					],
					[
						147239.263803681,
						5,
						0
					],
					[
						147975.460122699,
						0,
						644.1717791411
					]
				],
				"events": [],
				"altAnim": false,
				"bpm": 163,
				"changeBPM": false,
				"mustHitSection": false
			},
			{
				"lengthInSteps": 16,
				"typeOfSection": 0,
				"sectionNotes": [
					[
						148711.656441718,
						7,
						0
					],
					[
						148711.656441718,
						4,
						1380.3680981595
					],
					[
						148711.656441718,
						1,
						368.098159509216
					],
					[
						149447.852760736,
						2,
						644.1717791411
					]
				],
				"events": [],
				"altAnim": false,
				"bpm": 163,
				"changeBPM": false,
				"mustHitSection": false
			},
			{
				"lengthInSteps": 16,
				"typeOfSection": 0,
				"sectionNotes": [
					[
						150184.049079755,
						7,
						0
					],
					[
						150184.049079755,
						5,
						0
					],
					[
						150184.049079755,
						3,
						2.58493941422821e-26
					],
					[
						150368.098159509,
						6,
						0
					],
					[
						150368.098159509,
						1,
						2.8421709430404e-14
					],
					[
						150460.122699386,
						0,
						5.6843418860808e-14
					],
					[
						150552.147239264,
						4,
						1012.26993865028
					],
					[
						150552.147239264,
						1,
						0
					],
					[
						150552.147239264,
						2,
						0
					],
					[
						150736.196319018,
						3,
						460.122699386498
					],
					[
						151288.343558282,
						1,
						2.27373675443232e-13
					],
					[
						151472.392638037,
						2,
						0
					]
				],
				"events": [],
				"altAnim": false,
				"bpm": 163,
				"changeBPM": false,
				"mustHitSection": false
			},
			{
				"lengthInSteps": 16,
				"typeOfSection": 0,
				"sectionNotes": [
					[
						151656.441717791,
						1,
						2.58493941422821e-26
					],
					[
						151840.490797546,
						0,
						2.8421709430404e-14
					],
					[
						151932.515337423,
						1,
						5.6843418860808e-14
					],
					[
						152024.539877301,
						2,
						0
					],
					[
						152024.539877301,
						3,
						0
					],
					[
						152208.588957055,
						0,
						276.073619631905
					],
					[
						152576.687116564,
						1,
						1.13686837721616e-13
					],
					[
						152760.736196319,
						2,
						276.073619631876
					]
				],
				"events": [],
				"altAnim": false,
				"bpm": 163,
				"changeBPM": false,
				"mustHitSection": false
			},
			{
				"lengthInSteps": 16,
				"typeOfSection": 0,
				"sectionNotes": [
					[
						153128.834355828,
						3,
						644.171779141092
					],
					[
						153865.030674847,
						2,
						644.171779141092
					]
				],
				"events": [],
				"altAnim": false,
				"bpm": 163,
				"changeBPM": false,
				"mustHitSection": false
			},
			{
				"lengthInSteps": 16,
				"typeOfSection": 0,
				"sectionNotes": [
					[
						154601.226993865,
						0,
						276.073619631905
					],
					[
						155153.374233129,
						1,
						0
					],
					[
						155337.423312883,
						2,
						276.073619631905
					]
				],
				"events": [],
				"altAnim": false,
				"bpm": 163,
				"changeBPM": false,
				"mustHitSection": false
			},
			{
				"lengthInSteps": 16,
				"typeOfSection": 0,
				"sectionNotes": [
					[
						156073.619631902,
						3,
						368.098159509187
					],
					[
						157177.914110429,
						0,
						2.27373675443232e-13
					],
					[
						157361.963190184,
						1,
						2.27373675443232e-13
					]
				],
				"events": [],
				"altAnim": false,
				"bpm": 163,
				"changeBPM": false,
				"mustHitSection": false
			},
			{
				"lengthInSteps": 16,
				"typeOfSection": 0,
				"sectionNotes": [
					[
						157546.012269939,
						2,
						644.171779141092
					]
				],
				"events": [],
				"altAnim": false,
				"bpm": 163,
				"changeBPM": false,
				"mustHitSection": false
			},
			{
				"lengthInSteps": 16,
				"typeOfSection": 0,
				"sectionNotes": [
					[
						159018.404907975,
						7,
						368.098159509187
					],
					[
						159386.503067485,
						1,
						276.073619631934
					],
					[
						159754.601226994,
						2,
						276.073619631905
					],
					[
						160122.699386503,
						0,
						276.073619631934
					]
				],
				"events": [],
				"altAnim": false,
				"bpm": 163,
				"changeBPM": false,
				"mustHitSection": true
			},
			{
				"lengthInSteps": 16,
				"typeOfSection": 0,
				"sectionNotes": [
					[
						160490.797546012,
						4,
						736.19631901839
					],
					[
						160858.895705521,
						3,
						276.073619631934
					],
					[
						161226.993865031,
						1,
						276.073619631905
					],
					[
						161595.09202454,
						2,
						276.073619631934
					]
				],
				"events": [],
				"altAnim": false,
				"bpm": 163,
				"changeBPM": false,
				"mustHitSection": true
			},
			{
				"lengthInSteps": 16,
				"typeOfSection": 0,
				"sectionNotes": [
					[
						161963.190184049,
						6,
						736.196319018414
					],
					[
						161963.190184049,
						3,
						276.073619631905
					],
					[
						162331.288343558,
						1,
						276.073619631934
					],
					[
						162699.386503067,
						2,
						276.073619631905
					],
					[
						163067.484662577,
						0,
						2.27373675443232e-13
					],
					[
						163251.533742331,
						2,
						2.27373675443232e-13
					]
				],
				"events": [],
				"altAnim": false,
				"bpm": 163,
				"changeBPM": false,
				"mustHitSection": true
			},
			{
				"lengthInSteps": 16,
				"typeOfSection": 0,
				"sectionNotes": [
					[
						163435.582822086,
						1,
						276.073619631905
					],
					[
						163803.680981595,
						3,
						0
					],
					[
						163987.73006135,
						0,
						460.122699386498
					],
					[
						164539.877300613,
						2,
						276.073619631934
					]
				],
				"events": [],
				"altAnim": false,
				"bpm": 163,
				"changeBPM": false,
				"mustHitSection": true
			},
			{
				"lengthInSteps": 16,
				"typeOfSection": 0,
				"sectionNotes": [
					[
						164907.975460123,
						1,
						276.073619631905
					],
					[
						165276.073619632,
						3,
						0
					],
					[
						165460.122699386,
						0,
						0
					],
					[
						165644.171779141,
						2,
						276.073619631905
					],
					[
						166012.26993865,
						1,
						552.147239263836
					]
				],
				"events": [],
				"altAnim": false,
				"bpm": 163,
				"changeBPM": false,
				"mustHitSection": true
			},
			{
				"lengthInSteps": 16,
				"typeOfSection": 0,
				"sectionNotes": [
					[
						166748.466257669,
						3,
						276.073619631934
					],
					[
						167116.564417178,
						0,
						276.073619631887
					],
					[
						167484.662576687,
						2,
						276.073619631934
					]
				],
				"events": [],
				"altAnim": false,
				"bpm": 163,
				"changeBPM": false,
				"mustHitSection": true
			},
			{
				"lengthInSteps": 16,
				"typeOfSection": 0,
				"sectionNotes": [
					[
						167852.760736196,
						1,
						276.073619631905
					],
					[
						168220.858895706,
						2,
						276.073619631905
					],
					[
						168588.957055215,
						3,
						276.073619631894
					],
					[
						168957.055214724,
						0,
						552.147239263807
					]
				],
				"events": [],
				"altAnim": false,
				"bpm": 163,
				"changeBPM": false,
				"mustHitSection": true
			},
			{
				"lengthInSteps": 16,
				"typeOfSection": 0,
				"sectionNotes": [
					[
						169693.251533742,
						1,
						5.6843418860808e-14
					],
					[
						169877.300613497,
						2,
						0
					],
					[
						170061.349693252,
						3,
						276.073619631916
					],
					[
						170429.447852761,
						0,
						460.122699386506
					]
				],
				"events": [],
				"altAnim": false,
				"bpm": 163,
				"changeBPM": false,
				"mustHitSection": true
			},
			{
				"lengthInSteps": 16,
				"typeOfSection": 0,
				"sectionNotes": [
					[
						170981.595092025,
						2,
						0
					],
					[
						171165.644171779,
						3,
						5.6843418860808e-14
					],
					[
						171349.693251534,
						1,
						0
					],
					[
						171533.742331288,
						2,
						276.073619631934
					],
					[
						171901.840490798,
						0,
						0
					],
					[
						172085.889570552,
						3,
						2.27373675443232e-13
					]
				],
				"events": [],
				"altAnim": false,
				"bpm": 163,
				"changeBPM": false,
				"mustHitSection": true
			},
			{
				"lengthInSteps": 16,
				"typeOfSection": 0,
				"sectionNotes": [
					[
						172269.938650307,
						1,
						5.16987882845642e-26
					],
					[
						172453.987730061,
						2,
						0
					],
					[
						172638.036809816,
						0,
						5.6843418860808e-14
					],
					[
						172822.085889571,
						3,
						0
					],
					[
						173006.134969325,
						2,
						276.073619631905
					],
					[
						173374.233128834,
						0,
						0
					],
					[
						173558.282208589,
						1,
						0
					]
				],
				"events": [],
				"altAnim": false,
				"bpm": 163,
				"changeBPM": false,
				"mustHitSection": true
			},
			{
				"lengthInSteps": 16,
				"typeOfSection": 0,
				"sectionNotes": [
					[
						173742.331288344,
						2,
						276.073619631916
					],
					[
						174110.429447853,
						0,
						5.6843418860808e-14
					],
					[
						174202.45398773,
						1,
						5.6843418860808e-14
					],
					[
						174294.478527607,
						3,
						0
					],
					[
						174386.503067485,
						0,
						0
					],
					[
						174478.527607362,
						2,
						0
					],
					[
						174662.576687117,
						1,
						0
					],
					[
						174846.625766871,
						3,
						0
					],
					[
						175030.674846626,
						0,
						0
					]
				],
				"events": [],
				"altAnim": false,
				"bpm": 163,
				"changeBPM": false,
				"mustHitSection": true
			},
			{
				"lengthInSteps": 16,
				"typeOfSection": 0,
				"sectionNotes": [
					[
						175214.72392638,
						1,
						276.073619631923
					],
					[
						175582.82208589,
						3,
						5.6843418860808e-14
					],
					[
						175766.871165644,
						2,
						0
					],
					[
						175950.920245399,
						0,
						276.073619631905
					],
					[
						176319.018404908,
						3,
						276.073619631876
					]
				],
				"events": [],
				"altAnim": false,
				"bpm": 163,
				"changeBPM": false,
				"mustHitSection": true
			},
			{
				"lengthInSteps": 16,
				"typeOfSection": 0,
				"sectionNotes": [
					[
						176687.116564417,
						2,
						276.073619631905
					],
					[
						177055.214723926,
						0,
						5.6843418860808e-14
					],
					[
						177147.239263804,
						1,
						5.6843418860808e-14
					],
					[
						177239.263803681,
						3,
						0
					],
					[
						177331.288343558,
						0,
						0
					],
					[
						177423.312883436,
						2,
						1.13686837721616e-13
					],
					[
						177607.36196319,
						1,
						1.13686837721616e-13
					],
					[
						177791.411042945,
						3,
						0
					],
					[
						177883.435582822,
						1,
						0
					],
					[
						177975.460122699,
						0,
						0
					],
					[
						178067.484662577,
						2,
						2.27373675443232e-13
					]
				],
				"events": [],
				"altAnim": false,
				"bpm": 163,
				"changeBPM": false,
				"mustHitSection": true
			},
			{
				"lengthInSteps": 16,
				"typeOfSection": 0,
				"sectionNotes": [
					[
						178159.509202454,
						1,
						0
					],
					[
						178343.558282209,
						2,
						2.8421709430404e-14
					],
					[
						178527.607361963,
						3,
						5.6843418860808e-14
					],
					[
						178711.656441718,
						0,
						0
					],
					[
						178895.705521472,
						2,
						276.073619631905
					],
					[
						179263.803680982,
						1,
						276.073619631876
					]
				],
				"events": [],
				"altAnim": false,
				"bpm": 163,
				"changeBPM": false,
				"mustHitSection": true
			},
			{
				"lengthInSteps": 16,
				"typeOfSection": 0,
				"sectionNotes": [
					[
						179631.901840491,
						3,
						460.122699386498
					],
					[
						180184.049079755,
						2,
						0
					],
					[
						180276.073619632,
						1,
						0
					],
					[
						180368.098159509,
						0,
						644.171779141063
					]
				],
				"events": [],
				"altAnim": false,
				"bpm": 163,
				"changeBPM": false,
				"mustHitSection": true
			},
			{
				"lengthInSteps": 16,
				"typeOfSection": 0,
				"sectionNotes": [
					[
						181104.294478528,
						3,
						644.171779141063
					],
					[
						181840.490797546,
						2,
						276.073619631876
					],
					[
						182208.588957055,
						0,
						276.073619631876
					]
				],
				"events": [],
				"altAnim": false,
				"bpm": 163,
				"changeBPM": false,
				"mustHitSection": true
			},
			{
				"lengthInSteps": 16,
				"typeOfSection": 0,
				"sectionNotes": [
					[
						182576.687116564,
						7,
						828.220858895693
					],
					[
						182760.736196319,
						2,
						0
					],
					[
						182944.785276074,
						3,
						5.6843418860808e-14
					],
					[
						183128.834355828,
						1,
						0
					],
					[
						183312.883435583,
						2,
						276.073619631934
					],
					[
						183680.981595092,
						0,
						0
					],
					[
						183865.030674847,
						3,
						2.27373675443232e-13
					]
				],
				"events": [],
				"altAnim": false,
				"bpm": 163,
				"changeBPM": false,
				"mustHitSection": false
			},
			{
				"lengthInSteps": 16,
				"typeOfSection": 0,
				"sectionNotes": [
					[
						184049.079754601,
						1,
						5.16987882845642e-26
					],
					[
						184233.128834356,
						2,
						0
					],
					[
						184417.17791411,
						0,
						5.6843418860808e-14
					],
					[
						184601.226993865,
						3,
						0
					],
					[
						184785.27607362,
						2,
						276.073619631905
					],
					[
						185153.374233129,
						0,
						0
					],
					[
						185337.423312883,
						1,
						0
					]
				],
				"events": [],
				"altAnim": false,
				"bpm": 163,
				"changeBPM": false,
				"mustHitSection": false
			},
			{
				"lengthInSteps": 16,
				"typeOfSection": 0,
				"sectionNotes": [
					[
						185521.472392638,
						2,
						276.073619631916
					],
					[
						185889.570552147,
						3,
						0
					],
					[
						185981.595092025,
						1,
						5.6843418860808e-14
					],
					[
						186073.619631902,
						2,
						1.13686837721616e-13
					],
					[
						186165.644171779,
						1,
						0
					],
					[
						186257.668711656,
						0,
						0
					],
					[
						186441.717791411,
						1,
						0
					],
					[
						186625.766871166,
						3,
						0
					],
					[
						186809.81595092,
						0,
						0
					]
				],
				"events": [],
				"altAnim": false,
				"bpm": 163,
				"changeBPM": false,
				"mustHitSection": false
			},
			{
				"lengthInSteps": 16,
				"typeOfSection": 0,
				"sectionNotes": [
					[
						186993.865030675,
						1,
						276.073619631923
					],
					[
						187361.963190184,
						3,
						276.073619631905
					],
					[
						187730.061349693,
						0,
						276.073619631905
					],
					[
						188098.159509202,
						3,
						276.073619631876
					]
				],
				"events": [],
				"altAnim": false,
				"bpm": 163,
				"changeBPM": false,
				"mustHitSection": false
			},
			{
				"lengthInSteps": 16,
				"typeOfSection": 0,
				"sectionNotes": [
					[
						188466.257668712,
						1,
						276.073619631905
					],
					[
						188834.355828221,
						2,
						5.6843418860808e-14
					],
					[
						188926.380368098,
						1,
						5.6843418860808e-14
					],
					[
						189018.404907975,
						0,
						1.13686837721616e-13
					],
					[
						189110.429447853,
						3,
						1.13686837721616e-13
					],
					[
						189202.45398773,
						2,
						1.13686837721616e-13
					],
					[
						189386.503067485,
						1,
						1.13686837721616e-13
					],
					[
						189570.552147239,
						3,
						0
					],
					[
						189662.576687117,
						1,
						0
					],
					[
						189754.601226994,
						0,
						0
					],
					[
						189846.625766871,
						2,
						2.27373675443232e-13
					]
				],
				"events": [],
				"altAnim": false,
				"bpm": 163,
				"changeBPM": false,
				"mustHitSection": false
			},
			{
				"lengthInSteps": 16,
				"typeOfSection": 0,
				"sectionNotes": [
					[
						189938.650306748,
						1,
						0
					],
					[
						190122.699386503,
						2,
						2.8421709430404e-14
					],
					[
						190306.748466258,
						3,
						5.6843418860808e-14
					],
					[
						190490.797546012,
						0,
						0
					],
					[
						190674.846625767,
						2,
						276.073619631905
					],
					[
						191042.944785276,
						1,
						276.073619631876
					]
				],
				"events": [],
				"altAnim": false,
				"bpm": 163,
				"changeBPM": false,
				"mustHitSection": false
			},
			{
				"lengthInSteps": 16,
				"typeOfSection": 0,
				"sectionNotes": [
					[
						191411.042944785,
						3,
						276.073619631897
					],
					[
						191779.141104294,
						2,
						5.6843418860808e-14
					],
					[
						191963.190184049,
						0,
						1.13686837721616e-13
					],
					[
						192147.239263804,
						2,
						460.122699386509
					]
				],
				"events": [],
				"altAnim": false,
				"bpm": 163,
				"changeBPM": false,
				"mustHitSection": false
			},
			{
				"lengthInSteps": 16,
				"typeOfSection": 0,
				"sectionNotes": [
					[
						192883.435582822,
						3,
						460.122699386528
					],
					[
						193619.63190184,
						0,
						552.147239263828
					]
				],
				"events": [],
				"altAnim": false,
				"bpm": 163,
				"changeBPM": false,
				"mustHitSection": false
			},
			{
				"lengthInSteps": 16,
				"typeOfSection": 0,
				"sectionNotes": [
					[
						194355.828220859,
						2,
						368.098159509227
					],
					[
						195460.122699386,
						3,
						276.073619631905
					]
				],
				"events": [],
				"altAnim": false,
				"bpm": 163,
				"changeBPM": false,
				"mustHitSection": false
			},
			{
				"lengthInSteps": 16,
				"typeOfSection": 0,
				"sectionNotes": [
					[
						195828.220858896,
						0,
						276.073619631934
					],
					[
						196196.319018405,
						3,
						5.6843418860808e-14
					],
					[
						196380.368098159,
						2,
						276.073619631905
					],
					[
						196748.466257669,
						0,
						276.073619631934
					],
					[
						197116.564417178,
						3,
						460.122699386528
					]
				],
				"events": [],
				"altAnim": false,
				"bpm": 163,
				"changeBPM": false,
				"mustHitSection": false
			},
			{
				"lengthInSteps": 16,
				"typeOfSection": 0,
				"sectionNotes": [
					[
						197668.711656442,
						1,
						368.098159509187
					],
					[
						198404.90797546,
						2,
						2.27373675443232e-13
					],
					[
						198588.957055215,
						0,
						0
					]
				],
				"events": [],
				"altAnim": false,
				"bpm": 163,
				"changeBPM": false,
				"mustHitSection": false
			},
			{
				"lengthInSteps": 16,
				"typeOfSection": 0,
				"sectionNotes": [
					[
						198773.006134969,
						3,
						0
					],
					[
						198957.055214724,
						2,
						2.8421709430404e-14
					],
					[
						199141.104294479,
						1,
						5.6843418860808e-14
					],
					[
						199325.153374233,
						3,
						1.13686837721616e-13
					],
					[
						199509.202453988,
						0,
						0
					],
					[
						199693.251533742,
						2,
						1.13686837721616e-13
					],
					[
						199877.300613497,
						1,
						276.073619631905
					]
				],
				"events": [],
				"altAnim": false,
				"bpm": 163,
				"changeBPM": false,
				"mustHitSection": false
			},
			{
				"lengthInSteps": 16,
				"typeOfSection": 0,
				"sectionNotes": [
					[
						200245.398773006,
						2,
						276.073619631934
					],
					[
						200613.496932515,
						3,
						5.6843418860808e-14
					],
					[
						200797.54601227,
						0,
						1.13686837721616e-13
					],
					[
						200981.595092025,
						3,
						0
					],
					[
						201165.644171779,
						2,
						1.13686837721616e-13
					],
					[
						201349.693251534,
						1,
						2.27373675443232e-13
					],
					[
						201533.742331288,
						3,
						0
					]
				],
				"events": [],
				"altAnim": false,
				"bpm": 163,
				"changeBPM": false,
				"mustHitSection": false
			},
			{
				"lengthInSteps": 16,
				"typeOfSection": 0,
				"sectionNotes": [
					[
						201717.791411043,
						0,
						0
					],
					[
						201901.840490798,
						2,
						2.8421709430404e-14
					],
					[
						202269.938650307,
						1,
						276.073619631934
					],
					[
						202638.036809816,
						3,
						1.13686837721616e-13
					],
					[
						202822.085889571,
						0,
						2.27373675443232e-13
					],
					[
						203006.134969325,
						2,
						0
					]
				],
				"events": [],
				"altAnim": false,
				"bpm": 163,
				"changeBPM": false,
				"mustHitSection": false
			},
			{
				"lengthInSteps": 16,
				"typeOfSection": 0,
				"sectionNotes": [
					[
						203190.18404908,
						0,
						0
					],
					[
						203374.233128834,
						1,
						2.8421709430404e-14
					],
					[
						203558.282208589,
						3,
						5.6843418860808e-14
					],
					[
						203742.331288344,
						0,
						1.13686837721616e-13
					],
					[
						203926.380368098,
						2,
						1.13686837721616e-13
					],
					[
						204110.429447853,
						1,
						1.13686837721616e-13
					],
					[
						204294.478527607,
						3,
						2.27373675443232e-13
					],
					[
						204478.527607362,
						0,
						460.122699386498
					]
				],
				"events": [],
				"altAnim": false,
				"bpm": 163,
				"changeBPM": false,
				"mustHitSection": false
			},
			{
				"lengthInSteps": 16,
				"typeOfSection": 0,
				"sectionNotes": [
					[
						205030.674846626,
						1,
						5.6843418860808e-14
					],
					[
						205214.72392638,
						2,
						0
					],
					[
						205398.773006135,
						1,
						0
					],
					[
						205582.82208589,
						3,
						1.13686837721616e-13
					],
					[
						205766.871165644,
						0,
						276.073619631876
					]
				],
				"events": [],
				"altAnim": false,
				"bpm": 163,
				"changeBPM": false,
				"mustHitSection": false
			},
			{
				"lengthInSteps": 16,
				"typeOfSection": 0,
				"sectionNotes": [
					[
						206134.969325153,
						2,
						368.098159509227
					],
					[
						206503.067484663,
						7,
						276.073619631884
					],
					[
						206871.165644172,
						6,
						276.073619631876
					],
					[
						207239.263803681,
						3,
						276.073619631905
					],
					[
						207239.263803681,
						4,
						276.073619631905
					]
				],
				"events": [],
				"altAnim": false,
				"bpm": 163,
				"changeBPM": false,
				"mustHitSection": true
			},
			{
				"lengthInSteps": 16,
				"typeOfSection": 0,
				"sectionNotes": [
					[
						207607.36196319,
						0,
						276.073619631934
					],
					[
						207975.460122699,
						3,
						5.6843418860808e-14
					],
					[
						207975.460122699,
						6,
						276.073619631905
					],
					[
						208159.509202454,
						2,
						276.073619631905
					],
					[
						208343.558282209,
						7,
						276.073619631876
					],
					[
						208527.607361963,
						0,
						276.073619631934
					],
					[
						208711.656441718,
						4,
						276.073619631905
					],
					[
						208895.705521472,
						3,
						460.122699386528
					]
				],
				"events": [],
				"altAnim": false,
				"bpm": 163,
				"changeBPM": false,
				"mustHitSection": true
			},
			{
				"lengthInSteps": 16,
				"typeOfSection": 0,
				"sectionNotes": [
					[
						209079.754601227,
						5,
						276.073619631876
					],
					[
						209447.852760736,
						1,
						368.098159509187
					],
					[
						209447.852760736,
						6,
						276.073619631905
					],
					[
						209815.950920245,
						4,
						276.073619631902
					],
					[
						210184.049079755,
						2,
						2.27373675443232e-13
					],
					[
						210184.049079755,
						7,
						0
					],
					[
						210368.098159509,
						0,
						0
					],
					[
						210368.098159509,
						6,
						0
					]
				],
				"events": [],
				"altAnim": false,
				"bpm": 163,
				"changeBPM": false,
				"mustHitSection": true
			},
			{
				"lengthInSteps": 16,
				"typeOfSection": 0,
				"sectionNotes": [
					[
						210552.147239264,
						3,
						0
					],
					[
						210552.147239264,
						5,
						276.073619631876
					],
					[
						210736.196319018,
						2,
						2.8421709430404e-14
					],
					[
						210920.245398773,
						1,
						5.6843418860808e-14
					],
					[
						210920.245398773,
						7,
						5.6843418860808e-14
					],
					[
						211104.294478528,
						3,
						1.13686837721616e-13
					],
					[
						211104.294478528,
						4,
						460.122699386469
					],
					[
						211288.343558282,
						0,
						0
					],
					[
						211472.392638037,
						2,
						1.13686837721616e-13
					],
					[
						211656.441717791,
						1,
						276.073619631905
					],
					[
						211656.441717791,
						6,
						276.073619631905
					]
				],
				"events": [],
				"altAnim": false,
				"bpm": 163,
				"changeBPM": false,
				"mustHitSection": true
			},
			{
				"lengthInSteps": 16,
				"typeOfSection": 0,
				"sectionNotes": [
					[
						212392.63803681,
						3,
						5.6843418860808e-14
					],
					[
						212392.63803681,
						6,
						276.073619631905
					],
					[
						212576.687116564,
						0,
						1.13686837721616e-13
					],
					[
						212760.736196319,
						3,
						0
					],
					[
						212760.736196319,
						4,
						276.073619631902
					],
					[
						212944.785276074,
						2,
						1.13686837721616e-13
					],
					[
						213128.834355828,
						1,
						2.27373675443232e-13
					],
					[
						213128.834355828,
						7,
						276.073619631905
					],
					[
						213312.883435583,
						3,
						0
					]
				],
				"events": [],
				"altAnim": false,
				"bpm": 163,
				"changeBPM": false,
				"mustHitSection": true
			},
			{
				"lengthInSteps": 16,
				"typeOfSection": 0,
				"sectionNotes": [
					[
						213496.932515337,
						0,
						0
					],
					[
						213680.981595092,
						2,
						2.8421709430404e-14
					],
					[
						213865.030674847,
						6,
						276.073619631905
					],
					[
						214049.079754601,
						1,
						276.073619631934
					],
					[
						214233.128834356,
						4,
						276.073619631886
					],
					[
						214417.17791411,
						3,
						1.13686837721616e-13
					],
					[
						214601.226993865,
						0,
						2.27373675443232e-13
					],
					[
						214601.226993865,
						7,
						276.073619631905
					],
					[
						214785.27607362,
						2,
						0
					]
				],
				"events": [],
				"altAnim": false,
				"bpm": 163,
				"changeBPM": false,
				"mustHitSection": true
			},
			{
				"lengthInSteps": 16,
				"typeOfSection": 0,
				"sectionNotes": [
					[
						214969.325153374,
						0,
						0
					],
					[
						214969.325153374,
						5,
						276.073619631876
					],
					[
						215153.374233129,
						1,
						2.8421709430404e-14
					],
					[
						215337.423312883,
						3,
						5.6843418860808e-14
					],
					[
						215337.423312883,
						6,
						276.073619631905
					],
					[
						215521.472392638,
						0,
						1.13686837721616e-13
					],
					[
						215705.521472393,
						2,
						1.13686837721616e-13
					],
					[
						215705.521472393,
						4,
						276.073619631876
					],
					[
						215889.570552147,
						1,
						1.13686837721616e-13
					],
					[
						216073.619631902,
						3,
						2.27373675443232e-13
					],
					[
						216073.619631902,
						7,
						276.073619631876
					],
					[
						216257.668711656,
						0,
						460.122699386498
					]
				],
				"events": [],
				"altAnim": false,
				"bpm": 163,
				"changeBPM": false,
				"mustHitSection": true
			},
			{
				"lengthInSteps": 16,
				"typeOfSection": 0,
				"sectionNotes": [
					[
						216809.81595092,
						1,
						5.6843418860808e-14
					],
					[
						216809.81595092,
						6,
						5.6843418860808e-14
					],
					[
						216993.865030675,
						2,
						0
					],
					[
						216993.865030675,
						4,
						1.13686837721616e-13
					],
					[
						217177.914110429,
						1,
						0
					],
					[
						217177.914110429,
						5,
						276.073619631916
					],
					[
						217361.963190184,
						3,
						1.13686837721616e-13
					],
					[
						217546.012269939,
						0,
						276.073619631876
					],
					[
						217546.012269939,
						6,
						276.073619631876
					]
				],
				"events": [],
				"altAnim": false,
				"bpm": 163,
				"changeBPM": false,
				"mustHitSection": true
			},
			{
				"lengthInSteps": 16,
				"typeOfSection": 0,
				"sectionNotes": [
					[
						217914.110429448,
						2,
						0
					],
					[
						217914.110429448,
						7,
						276.073619631894
					],
					[
						218098.159509202,
						3,
						0
					],
					[
						218466.257668712,
						2,
						276.073619631876
					],
					[
						218466.257668712,
						6,
						276.073619631876
					],
					[
						218834.355828221,
						1,
						1.13686837721616e-13
					],
					[
						219018.404907975,
						0,
						2.27373675443232e-13
					],
					[
						219018.404907975,
						4,
						276.073619631876
					],
					[
						219202.45398773,
						3,
						2.27373675443232e-13
					]
				],
				"events": [],
				"altAnim": false,
				"bpm": 163,
				"changeBPM": false,
				"mustHitSection": true
			},
			{
				"lengthInSteps": 16,
				"typeOfSection": 0,
				"sectionNotes": [
					[
						219386.503067485,
						2,
						0
					],
					[
						219386.503067485,
						7,
						276.073619631905
					],
					[
						219570.552147239,
						1,
						0
					],
					[
						219754.601226994,
						3,
						5.6843418860808e-14
					],
					[
						219754.601226994,
						4,
						276.073619631894
					],
					[
						219938.650306748,
						0,
						0
					],
					[
						220030.674846626,
						1,
						0
					],
					[
						220122.699386503,
						2,
						644.171779141121
					],
					[
						220122.699386503,
						6,
						276.073619631934
					],
					[
						220490.797546012,
						5,
						276.073619631905
					]
				],
				"events": [],
				"altAnim": false,
				"bpm": 163,
				"changeBPM": false,
				"mustHitSection": true
			},
			{
				"lengthInSteps": 16,
				"typeOfSection": 0,
				"sectionNotes": [
					[
						220858.895705521,
						3,
						644.171779141113
					],
					[
						220858.895705521,
						7,
						276.073619631934
					],
					[
						221226.993865031,
						4,
						276.073619631905
					],
					[
						221595.09202454,
						2,
						644.171779141111
					],
					[
						221963.190184049,
						6,
						276.073619631905
					]
				],
				"events": [],
				"altAnim": false,
				"bpm": 163,
				"changeBPM": false,
				"mustHitSection": true
			},
			{
				"lengthInSteps": 16,
				"typeOfSection": 0,
				"sectionNotes": [
					[
						222331.288343558,
						1,
						460.122699386509
					],
					[
						222883.435582822,
						3,
						1.13686837721616e-13
					],
					[
						222975.460122699,
						2,
						1.13686837721616e-13
					],
					[
						223067.484662577,
						0,
						644.171779141121
					],
					[
						223435.582822086,
						5,
						276.073619631905
					],
					[
						222331.288343558,
						7,
						276.073619631934
					],
					[
						222699.386503067,
						6,
						276.073619631905
					],
					[
						223067.484662577,
						4,
						276.073619631934
					]
				],
				"events": [],
				"altAnim": false,
				"bpm": 163,
				"changeBPM": false,
				"mustHitSection": true
			},
			{
				"lengthInSteps": 16,
				"typeOfSection": 0,
				"sectionNotes": [
					[
						223803.680981595,
						2,
						1104.29447852764
					],
					[
						223803.680981595,
						6,
						460.122699386528
					],
					[
						224539.877300613,
						7,
						644.171779141126
					]
				],
				"events": [],
				"altAnim": false,
				"bpm": 163,
				"changeBPM": false,
				"mustHitSection": true
			},
			{
				"lengthInSteps": 16,
				"typeOfSection": 0,
				"sectionNotes": [
					[
						225276.073619632,
						3,
						1012.26993865034
					],
					[
						225276.073619632,
						4,
						460.122699386528
					],
					[
						226012.26993865,
						6,
						552.147239263821
					],
					[
						226380.368098159,
						1,
						2.27373675443232e-13
					]
				],
				"events": [],
				"altAnim": false,
				"bpm": 163,
				"changeBPM": false,
				"mustHitSection": true
			},
			{
				"lengthInSteps": 16,
				"typeOfSection": 0,
				"sectionNotes": [
					[
						226748.466257669,
						0,
						0
					],
					[
						226748.466257669,
						4,
						736.196319018403
					],
					[
						226932.515337423,
						1,
						0
					],
					[
						227116.564417178,
						3,
						5.6843418860808e-14
					],
					[
						227300.613496932,
						2,
						276.073619631934
					],
					[
						227668.711656442,
						0,
						276.073619631905
					],
					[
						228036.809815951,
						1,
						2.27373675443232e-13
					]
				],
				"events": [],
				"altAnim": false,
				"bpm": 163,
				"changeBPM": false,
				"mustHitSection": true
			},
			{
				"lengthInSteps": 16,
				"typeOfSection": 0,
				"sectionNotes": [
					[
						228220.858895706,
						2,
						0
					],
					[
						228220.858895706,
						5,
						460.122699386498
					],
					[
						228404.90797546,
						1,
						0
					],
					[
						228588.957055215,
						3,
						5.6843418860808e-14
					],
					[
						228773.006134969,
						0,
						460.122699386528
					],
					[
						229325.153374233,
						2,
						276.073619631905
					],
					[
						229325.153374233,
						7,
						276.073619631905
					]
				],
				"events": [],
				"altAnim": false,
				"bpm": 163,
				"changeBPM": false,
				"mustHitSection": true
			},
			{
				"lengthInSteps": 16,
				"typeOfSection": 0,
				"sectionNotes": [
					[
						229693.251533742,
						7,
						276.073619631905
					],
					[
						229693.251533742,
						0,
						276.073619631905
					],
					[
						230061.349693252,
						4,
						276.073619631926
					],
					[
						230061.349693252,
						3,
						5.6843418860808e-14
					],
					[
						230245.398773006,
						2,
						460.122699386528
					],
					[
						230797.54601227,
						6,
						276.073619631934
					],
					[
						230797.54601227,
						1,
						2.27373675443232e-13
					],
					[
						230981.595092025,
						3,
						2.27373675443232e-13
					]
				],
				"events": [],
				"altAnim": false,
				"bpm": 163,
				"changeBPM": false,
				"mustHitSection": false
			},
			{
				"lengthInSteps": 16,
				"typeOfSection": 0,
				"sectionNotes": [
					[
						231165.644171779,
						5,
						5.16987882845642e-26
					],
					[
						231165.644171779,
						0,
						5.16987882845642e-26
					],
					[
						231349.693251534,
						2,
						0
					],
					[
						231533.742331288,
						7,
						5.6843418860808e-14
					],
					[
						231533.742331288,
						1,
						5.6843418860808e-14
					],
					[
						231717.791411043,
						3,
						1.13686837721616e-13
					],
					[
						231809.81595092,
						0,
						0
					],
					[
						231901.840490798,
						4,
						1.13686837721616e-13
					],
					[
						231901.840490798,
						2,
						644.171779141121
					],
					[
						232269.938650307,
						6,
						276.073619631934
					]
				],
				"events": [],
				"altAnim": false,
				"bpm": 163,
				"changeBPM": false,
				"mustHitSection": false
			},
			{
				"lengthInSteps": 16,
				"typeOfSection": 0,
				"sectionNotes": [
					[
						232638.036809816,
						5,
						276.073619631905
					],
					[
						232638.036809816,
						0,
						644.171779141121
					],
					[
						233006.134969325,
						7,
						368.098159509195
					],
					[
						233374.233128834,
						3,
						644.17177914111
					],
					[
						233742.331288344,
						4,
						276.073619631934
					]
				],
				"events": [],
				"altAnim": false,
				"bpm": 163,
				"changeBPM": false,
				"mustHitSection": false
			},
			{
				"lengthInSteps": 16,
				"typeOfSection": 0,
				"sectionNotes": [
					[
						234110.429447853,
						6,
						276.073619631905
					],
					[
						234110.429447853,
						2,
						460.122699386498
					],
					[
						234478.527607362,
						5,
						276.073619631934
					],
					[
						234846.625766871,
						6,
						276.073619631905
					],
					[
						235214.72392638,
						7,
						276.073619631934
					]
				],
				"events": [],
				"altAnim": false,
				"bpm": 163,
				"changeBPM": false,
				"mustHitSection": false
			},
			{
				"lengthInSteps": 16,
				"typeOfSection": 0,
				"sectionNotes": [
					[
						235582.82208589,
						4,
						644.171779141121
					],
					[
						235582.82208589,
						0,
						736.196319018422
					],
					[
						236319.018404908,
						7,
						644.171779141092
					]
				],
				"events": [],
				"altAnim": false,
				"bpm": 163,
				"changeBPM": false,
				"mustHitSection": false
			},
			{
				"lengthInSteps": 16,
				"typeOfSection": 0,
				"sectionNotes": [
					[
						237055.214723926,
						5,
						644.171779141092
					],
					[
						237055.214723926,
						2,
						644.171779141084
					],
					[
						237791.411042945,
						6,
						644.171779141092
					]
				],
				"events": [],
				"altAnim": false,
				"bpm": 163,
				"changeBPM": false,
				"mustHitSection": false
			},
			{
				"lengthInSteps": 16,
				"typeOfSection": 0,
				"sectionNotes": [
					[
						238527.607361963,
						4,
						1104.2944785276
					],
					[
						238527.607361963,
						3,
						5.16987882845642e-26
					],
					[
						238711.656441718,
						0,
						2.8421709430404e-14
					],
					[
						238895.705521472,
						2,
						5.6843418860808e-14
					],
					[
						239079.754601227,
						0,
						276.073619631876
					],
					[
						239447.852760736,
						3,
						276.073619631905
					],
					[
						239815.950920245,
						1,
						2.27373675443232e-13
					]
				],
				"events": [],
				"altAnim": false,
				"bpm": 163,
				"changeBPM": false,
				"mustHitSection": false
			},
			{
				"lengthInSteps": 16,
				"typeOfSection": 0,
				"sectionNotes": [
					[
						240000,
						7,
						1012.2699386503
					],
					[
						240000,
						2,
						5.16987882845642e-26
					],
					[
						240184.049079755,
						0,
						2.8421709430404e-14
					],
					[
						240368.098159509,
						1,
						0
					],
					[
						240552.147239264,
						2,
						460.122699386469
					],
					[
						241104.294478528,
						4,
						276.073619631876
					],
					[
						241104.294478528,
						0,
						276.073619631876
					]
				],
				"events": [],
				"altAnim": false,
				"bpm": 163,
				"changeBPM": false,
				"mustHitSection": false
			},
			{
				"lengthInSteps": 16,
				"typeOfSection": 0,
				"sectionNotes": [],
				"events": [],
				"altAnim": false,
				"bpm": 163,
				"changeBPM": false,
				"mustHitSection": false
			},
			{
				"lengthInSteps": 16,
				"typeOfSection": 0,
				"sectionNotes": [],
				"events": [],
				"altAnim": false,
				"bpm": 163,
				"changeBPM": false,
				"mustHitSection": true
			},
			{
				"lengthInSteps": 16,
				"typeOfSection": 0,
				"sectionNotes": [],
				"events": [],
				"altAnim": false,
				"bpm": 163,
				"changeBPM": false,
				"mustHitSection": true
			},
			{
				"lengthInSteps": 16,
				"typeOfSection": 0,
				"sectionNotes": [],
				"events": [],
				"altAnim": false,
				"bpm": 163,
				"changeBPM": false,
				"mustHitSection": false
			},
			{
				"lengthInSteps": 16,
				"typeOfSection": 0,
				"sectionNotes": [],
				"events": [],
				"altAnim": false,
				"bpm": 163,
				"changeBPM": false,
				"mustHitSection": false
			},
			{
				"lengthInSteps": 16,
				"typeOfSection": 0,
				"sectionNotes": [],
				"events": [],
				"altAnim": false,
				"bpm": 163,
				"changeBPM": false,
				"mustHitSection": true
			},
			{
				"lengthInSteps": 16,
				"typeOfSection": 0,
				"sectionNotes": [],
				"events": [],
				"altAnim": false,
				"bpm": 163,
				"changeBPM": false,
				"mustHitSection": false
			},
			{
				"lengthInSteps": 16,
				"typeOfSection": 0,
				"sectionNotes": [],
				"events": [],
				"altAnim": false,
				"bpm": 163,
				"changeBPM": false,
				"mustHitSection": true
			},
			{
				"sectionNotes": [],
				"typeOfSection": 0,
				"lengthInSteps": 16,
				"events": [],
				"altAnim": false,
				"mustHitSection": true,
				"changeBPM": false,
				"bpm": 163
			},
			{
				"sectionNotes": [],
				"typeOfSection": 0,
				"lengthInSteps": 16,
				"events": [],
				"altAnim": false,
				"mustHitSection": true,
				"changeBPM": false,
				"bpm": 163
			},
			{
				"sectionBeats": 4,
				"altAnim": false,
				"mustHitSection": true,
				"lengthInSteps": 16,
				"typeOfSection": 0,
				"sectionNotes": [],
				"gfSection": false,
				"changeBPM": false,
				"bpm": 163
			},
			{
				"sectionBeats": 4,
				"altAnim": false,
				"mustHitSection": true,
				"lengthInSteps": 16,
				"typeOfSection": 0,
				"sectionNotes": [],
				"gfSection": false,
				"changeBPM": false,
				"bpm": 163
			},
			{
				"sectionBeats": 4,
				"altAnim": false,
				"mustHitSection": true,
				"lengthInSteps": 16,
				"typeOfSection": 0,
				"sectionNotes": [],
				"gfSection": false,
				"bpm": 163,
				"changeBPM": false
			},
			{
				"gfSection": false,
				"altAnim": false,
				"typeOfSection": 0,
				"sectionNotes": [],
				"bpm": 163,
				"sectionBeats": 4,
				"changeBPM": false,
				"mustHitSection": true
			},
			{
				"gfSection": false,
				"altAnim": false,
				"typeOfSection": 0,
				"sectionNotes": [],
				"bpm": 163,
				"sectionBeats": 4,
				"changeBPM": false,
				"mustHitSection": true
			}
		],
		"player3": null,
		"initialSpeed": 1.305,
		"sliderVelocities": null,
		"song": "senpaiwetfart",
		"stage": "schoolR",
		"validScore": true,
		"sections": 0,
		"needsVoices": true,
		"speed": 2.9,
		"bpm": 163
	}
}